'者','名詞',13


'する','動詞',8

'する','動詞',7

'者','名詞',7

'あり','動詞',6

'よう','名詞',7

'投稿','名詞',7

'前','名詞',6

'自分','名詞',6

'者','名詞',6

'投稿','名詞',6

'支援','名詞',6

'投稿','名詞',5

'あり','動詞',4

'支援','名詞',5

'投稿','名詞',4

'支援','名詞',4

'年','名詞',4

'日','名詞',4

'あり','動詞',3

'自分','名詞',3

'者','名詞',3

'ドイツ','名詞',3

'年','名詞',3

'投稿','名詞',3

'支援','名詞',3

'日','名詞',3

'中央','名詞',2

'現在','名詞',2

'者','名詞',2

'前','名詞',2

'なる','動詞',2

'次','名詞',2

'あり','動詞',2

'時間','名詞',2

'文化','名詞',2

'年','名詞',2

'研究','名詞',2

'階','名詞',2

'料理','名詞',2

'美術','名詞',2

'チャオ','名詞',2

'会','名詞',2

'三','名詞',2

'女性','名詞',2

'協会','名詞',2

'必要','名詞',2

'会館','名詞',2

'日','名詞',2

'学校','名詞',2

'東京','名詞',2

'東','名詞',2

'自分','名詞',2

'投稿','名詞',2

'支援','名詞',2

'学校','名詞',1

'お気に入り','名詞',1

'行っ','動詞',1

'み','動詞',1

'旅行','名詞',1

'スター','名詞',1

'付き','名詞',1

'木曜日','名詞',1

'時','名詞',1

'分','名詞',1

'金曜日','名詞',1

'土曜日','名詞',1

'日曜日','名詞',1

'定休','名詞',1

'日','名詞',1

'月曜日','名詞',1

'火曜日','名詞',1

'水曜日','名詞',1

'営業','名詞',1

'時間','名詞',1

'外','名詞',1

'開始','名詞',1

'枚','名詞',1

'写真','名詞',1

'評価','名詞',1

'投稿','名詞',1

'みんな','名詞',1

'共有','名詞',1

'場所','名詞',1

'自分','名詞',1

'体験','名詞',1

'感想','名詞',1

'オーナー','名詞',1

'オプション','名詞',1

'オンライン','名詞',1

'レッスン','名詞',1

'可','名詞',1

'店舗','名詞',1

'あり','動詞',1

'健康','名詞',1

'安全','名詞',1

'予約','名詞',1

'マスク','名詞',1

'検温','名詞',1

'スタッフ','名詞',1

'着用','名詞',1

'次','名詞',1

'顧客','名詞',1

'前','名詞',1

'消毒','名詞',1

'必要','名詞',1

'よう','名詞',1

'表示','名詞',1

'東京','名詞',1

'都','名詞',1

'新宿','名詞',1

'高田馬場','名詞',1

'平和','名詞',1

'相互','名詞',1

'ビル','名詞',1

'号','名詞',1

'室','名詞',1

'リンガビーバ・イタリア','名詞',1

'教室','名詞',1

'府中','名詞',1

'天神','名詞',1

'町','名詞',1

'人生','名詞',1

'もっと','副詞',1

'楽しく','形容詞',1

'なる','動詞',1

'話そ','動詞',1

'ゼルコバ・コーポラス','名詞',1

'ビジネス','名詞',1

'所有','名詞',1

'者','名詞',1

'提供','名詞',1

'女性','名詞',1

'確認','名詞',1

'さ','動詞',1

'れ','動詞',1

'武蔵野','名詞',1

'吉祥寺本','名詞',1

'チェッリーニイタリア','名詞',1

'吉祥寺','名詞',1

'校','名詞',1

'美','名詞',1

'芸術','名詞',1

'学部','名詞',1

'美術','名詞',1

'目黒','名詞',1

'鷹番','名詞',1

'アルテイタリア','名詞',1

'千代田','名詞',1

'九段南','名詞',1

'文化','名詞',1

'会館','名詞',1

'九','名詞',1

'段','名詞',1

'南','名詞',1

'ウェルファムフーズ','名詞',1

'コーチ','名詞',1

'･','名詞',1

'エィ','名詞',1

'コンサルティングクオリア','名詞',1

'アニェッリホール','名詞',1

'エヌス・パワー','名詞',1

'アカデミア','名詞',1

'コロプラスト','名詞',1

'ディスカヴァー・','名詞',1

'メディカルコーチング','名詞',1

'研究','名詞',1

'会','名詞',1

'ラフィスタ','名詞',1

'大師前','名詞',1

'角川','名詞',1

'春樹','名詞',1

'事務所','名詞',1

'株式会社','名詞',1

'イリーデグニータ','名詞',1

'エスプリズム','名詞',1

'合資','名詞',1

'会社','名詞',1

'ウーニクス','名詞',1

'小林','名詞',1

'労務','名詞',1

'税理士','名詞',1

'紹介','名詞',1

'ネットワーク','名詞',1

'協会','名詞',1

'栄養','名詞',1

'未来','名詞',1

'食堂','名詞',1

'バリアフリー','名詞',1

'車椅子','名詞',1

'対応','名詞',1

'入り口','名詞',1

'中央','名詞',1

'日本橋','名詞',1

'室町','名詞',1

'洋','名詞',1

'チャオ','名詞',1

'優しい','形容詞',1

'先生','名詞',1

'教え','動詞',1

'くだ','名詞',1

'さり','動詞',1

'念願','名詞',1

'留学','名詞',1

'実現','名詞',1

'渋谷','名詞',1

'桜丘','名詞',1

'イルチェントロ','名詞',1

'センター','名詞',1

'カルチャー','名詞',1

'スクール','名詞',1

'なし','形容詞',1

'杉並','名詞',1

'高円寺南','名詞',1

'芦野','名詞',1

'ピアッツァイタリア','名詞',1

'神田','名詞',1

'小川','名詞',1

'料理','名詞',1

'各種','名詞',1

'翻訳','名詞',1

'家','名詞',1

'エスツー','名詞',1

'階','名詞',1

'ＮＫＧ','名詞',1

'本社','名詞',1

'伊','名詞',1

'学院','名詞',1

'ウェブサイト','名詞',1

'記載','名詞',1

'鎌倉','名詞',1

'小袋谷','名詞',1

'三','名詞',1

'楽','名詞',1

'塾','名詞',1

'リトル','名詞',1

'ヨーロッパ','名詞',1

'大船','名詞',1

'神奈川本','名詞',1

'東神奈川','名詞',1

'港','名詞',1

'赤坂','名詞',1

'公','名詞',1

'財','名詞',1

'国立','名詞',1

'東','名詞',1

'トイレ','名詞',1

'豊島','名詞',1

'千川','名詞',1

'スペイン','名詞',1

'声楽','名詞',1

'ギター','名詞',1

'指揮','名詞',1

'ピアノ','名詞',1

'千','名詞',1

'川','名詞',1

'西','名詞',1

'岡野','名詞',1

'新倉','名詞',1

'あと','名詞',1

'ドイツ','名詞',1

'フランス語','名詞',1

'学ぶ','動詞',1

'こと','名詞',1

'吉祥寺東','名詞',1

'イタリアカルチャースタジオ','名詞',1

'年','名詞',1

'楽しん','動詞',1

'江戸川','名詞',1

'瑞江','名詞',1

'鈴木','名詞',1

'標準時','名詞',1

'高','名詞',1

'小規模','名詞',1

'事業','名詞',1

'支援','名詞',1

'する','動詞',1

'有効','名詞',1

'月','名詞',1

'識別子','名詞',1

'指定','名詞',1

'いる','動詞',1

'記事','名詞',1

'言語','名詞',1

'クロアチア','名詞',1

'スイス','名詞',1

'スロベニア','名詞',1

'マルタ','名詞',1

'サンマリノ','名詞',1

'アルバニア','名詞',1

'リビア','名詞',1

'エリトリア','名詞',1

'ソマリア','名詞',1

'インド','名詞',1

'語族','名詞',1

'ロマンス','名詞',1

'諸語','名詞',1

'編集','名詞',1

'出典','名詞',1

'フリー','名詞',1

'百科','名詞',1

'事典','名詞',1

'ウィキペディア','名詞',1

'ナビゲーション','名詞',1

'移動','名詞',1

'検索','名詞',1

'発音','名詞',1

'国際','名詞',1

'音声','名詞',1

'記号','名詞',1

'表記','名詞',1

'話','名詞',1

'れる','動詞',1

'国','名詞',1

'旗','名詞',1

'バチカン','名詞',1

'話者','名詞',1

'数','名詞',1

'万','名詞',1

'人','名詞',1

'族','名詞',1

'一覧','名詞',1

'系統','名詞',1

'イタリック','名詞',1

'派','名詞',1

'イタロ','名詞',1

'存在','名詞',1

'イタロ・ダルマチア','名詞',1

'体系','名詞',1

'ラテン','名詞',1

'文字','名詞',1

'公的','名詞',1

'地位','名詞',1

'公用','名詞',1

'欧州','名詞',1

'連合','名詞',1

'騎士','名詞',1

'団','名詞',1

'イス','名詞',1

'トラ','名詞',1

'郡','名詞',1

'ピラン','名詞',1

'イゾラ','名詞',1

'コペル','名詞',1

'カポディストリア','名詞',1

'統制','名詞',1

'機関','名詞',1

'クルスカ','名詞',1

'学会','名詞',1

'コード','名詞',1

'テンプレート','名詞',1

'ファイル','名詞',1

'属する','動詞',1

'おおよそ','副詞',1

'日常','名詞',1

'的','名詞',1

'使用','名詞',1

'おり','動詞',1

'ほとんど','副詞',1

'住ん','動詞',1

'置','名詞',1

'修飾','名詞',1

'基本','名詞',1

'語順','名詞',1

'漢字','名詞',1

'伊太利','名詞',1

'亜','名詞',1

'略記','名詞',1

'称さ','動詞',1

'目次','名詞',1

'圏','名詞',1

'ない','形容詞',1

'アフリカ','名詞',1

'北','名詞',1

'南米','名詞',1

'その他','名詞',1

'方言','名詞',1

'母音','名詞',1

'子音','名詞',1

'アクセント','名詞',1

'音韻','名詞',1

'文法','名詞',1

'単語','名詞',1

'数詞','名詞',1

'歴史','名詞',1

'関係','名詞',1

'揺れ','名詞',1

'検定','名詞',1

'試験','名詞',1

'脚注','名詞',1

'注釈','名詞',1

'参考','名詞',1

'文献','名詞',1

'関連','名詞',1

'項目','名詞',1

'外部','名詞',1

'リンク','名詞',1

'節','名詞',1

'共和','名詞',1

'定め','動詞',1

'られ','動詞',1

'ティチーノ','名詞',1

'州','名詞',1

'全域','名詞',1

'グラウビュンデン','名詞',1

'グリジョーニ','名詞',1

'一部','名詞',1

'全体','名詞',1

'なっ','動詞',1

'イストリア','名詞',1

'少数','名詞',1

'住民','名詞',1

'フランス','名詞',1

'コルシカ','名詞',1

'島','名詞',1

'ラテン語','名詞',1

'他','名詞',1

'一般','名詞',1

'業務','名詞',1

'用語','名詞',1

'昔','名詞',1

'クラシック','名詞',1

'音楽','名詞',1

'楽譜','名詞',1

'書き込む','動詞',1

'長く','形容詞',1

'守ら','動詞',1

'き','動詞',1

'後','名詞',1

'時代','名詞',1

'作曲','名詞',1

'それぞれ','名詞',1

'母語','名詞',1

'混合','名詞',1

'盛り込む','動詞',1

'伝統','名詞',1

'書き記さ','動詞',1

'ロマンシュ','名詞',1

'併用','名詞',1

'拡大','名詞',1

'世界','名詞',1

'話さ','動詞',1

'示し','動詞',1

'地図','名詞',1

'濃い','形容詞',1

'青色','名詞',1

'薄い','形容詞',1

'水色','名詞',1

'普及','名詞',1

'緑色','名詞',1

'点','名詞',1

'系','名詞',1

'移民','名詞',1

'密集','名詞',1

'意味','名詞',1

'イギリス','名詞',1

'ベルギー','名詞',1

'ルクセンブルク','名詞',1

'ニース','名詞',1

'モナコ','名詞',1

'アメリカ合衆国','名詞',1

'カナダ','名詞',1

'ウルグアイ','名詞',1

'ブラジル','名詞',1

'アルゼンチン','名詞',1

'ベネズエラ','名詞',1

'オーストラリア','名詞',1

'地方','名詞',1

'周辺','名詞',1

'分布','名詞',1

'図','名詞',1

'独立','名詞',1

'見る','動詞',1

'議論','名詞',1

'盛ん','名詞',1

'大きく','形容詞',1

'北部','名詞',1

'南部','名詞',1

'大別','名詞',1

'でき','動詞',1

'ラ・スペツィア','名詞',1

'リミニ','名詞',1

'線','名詞',1

'等','名詞',1

'そこ','名詞',1

'更に','副詞',1

'北西','名詞',1

'部','名詞',1

'中部','名詞',1

'北東','名詞',1

'島嶼','名詞',1

'分け','動詞',1

'られる','動詞',1

'ローマ帝国','名詞',1

'滅亡','名詞',1

'以降','名詞',1

'政治','名詞',1

'分裂','名詞',1

'長らく','副詞',1

'続い','動詞',1

'ため','名詞',1

'毎','名詞',1

'差','名詞',1

'これ','名詞',1

'同じく','副詞',1

'長年','名詞',1

'領','名詞',1

'邦','名詞',1

'国家','名詞',1

'多数','名詞',1

'抱え','動詞',1

'状況','名詞',1

'似','動詞',1

'本国','名詞',1

'国語','名詞',1

'教育','名詞',1

'他国','名詞',1

'場','名詞',1

'用い','動詞',1

'標準','名詞',1

'各地','名詞',1

'中','名詞',1

'最も','副詞',1

'縁','名詞',1

'深い','形容詞',1

'言葉','名詞',1

'影響','名詞',1

'受け','動詞',1

'トスカーナ','名詞',1

'ナポリ','名詞',1

'シチリア','名詞',1

'語彙','名詞',1

'取り入れ','動詞',1

'もの','名詞',1

'統一','名詞',1

'政策','名詞',1

'広め','動詞',1

'詳しく','形容詞',1

'参照','名詞',1

'国民','名詞',1

'一方','名詞',1

'ローカリズム','名詞',1

'運動','名詞',1

'高まり','名詞',1

'あっ','動詞',1

'独自','名詞',1

'性','名詞',1

'強い','形容詞',1

'与え','動詞',1

'保護','名詞',1

'す','動詞',1

'どう','副詞',1

'進め','動詞',1

'具体','名詞',1

'ヴェネト','名詞',1

'ガロ','名詞',1

'例','名詞',1

'挙げ','動詞',1

'高齢','名詞',1

'層','名詞',1

'中心','名詞',1

'割','名詞',1

'理解','名詞',1

'できる','動詞',1

'いう','動詞',1

'都市','名詞',1

'現地','名詞',1

'化','名詞',1

'取っ','動詞',1

'代わら','動詞',1

'論者','名詞',1

'十','名詞',1

'個','名詞',1

'細かい','形容詞',1

'分類','名詞',1

'の','名詞',1

'ある程度','副詞',1

'まとまり','名詞',1

'ある','動詞',1

'規模','名詞',1

'北イタリア','名詞',1

'意見','名詞',1

'分かれ','動詞',1

'話し言葉','名詞',1

'まとめる','動詞',1

'少ない','形容詞',1

'一定','名詞',1

'共通','名詞',1

'持つ','動詞',1

'異論','名詞',1

'表現','名詞',1

'主義','名詞',1

'特徴','名詞',1

'中世','名詞',1

'経緯','名詞',1

'居住','名詞',1

'古代','名詞',1

'ギリシャ','名詞',1

'植民','名詞',1

'これら','名詞',1

'俗','名詞',1

'残っ','動詞',1

'パダーニャ','名詞',1

'呼ば','動詞',1

'チザルピナ','名詞',1

'仮','名詞',1

'ピエモンテ','名詞',1

'トリノ','名詞',1

'ベル','名詞',1

'ガモ','名詞',1

'ベルガモ','名詞',1

'ロンバルド','名詞',1

'ロンバルディア','名詞',1

'ミラノ','名詞',1

'ジェノヴァ','名詞',1

'リグリア','名詞',1

'リグー','名詞',1

'リア','名詞',1

'エミリア・ロマーニャ','名詞',1

'エミリア','名詞',1

'ロマーニャ','名詞',1

'ボローニャ','名詞',1

'パルマ','名詞',1

'ヴェネツィア','名詞',1

'パドヴァ','名詞',1

'ヴェローナ','名詞',1

'トレント','名詞',1

'領域','名詞',1

'様々','名詞',1

'貿易','名詞',1

'比較的','副詞',1

'多い','形容詞',1

'トス','名詞',1

'カナ','名詞',1

'フィレンツェ','名詞',1

'ピサ','名詞',1

'シエーナ','名詞',1

'シエナ','名詞',1

'考え方','名詞',1

'極めて','副詞',1

'近く','名詞',1

'緊密','名詞',1

'連続','名詞',1

'体','名詞',1

'形成','名詞',1

'ローマ','名詞',1

'ウンブリア','名詞',1

'マルケ','名詞',1

'南西','名詞',1

'半島','名詞',1

'西部','名詞',1

'サルデーニャ','名詞',1

'オスク','名詞',1

'考え','動詞',1

'アブルッツォ','名詞',1

'ペスカーラ','名詞',1

'カンパーニア','名詞',1

'ルカニア','名詞',1

'ギリシア','名詞',1

'多かっ','形容詞',1

'マグナ・グラエキア','名詞',1

'タラント','名詞',1

'サレント','名詞',1

'レッチェ','名詞',1

'カラブリア','名詞',1

'レッジョ・ディ・カラブリア','名詞',1

'パレルモ','名詞',1

'アラビア','名詞',1

'見','動詞',1

'アルファベート','名詞',1

'アルファベット','名詞',1

'内','名詞',1

'字','名詞',1

'符号','名詞',1

'付ける','動詞',1

'場合','名詞',1

'辞書','名詞',1

'上','名詞',1

'付け','動詞',1

'扱う','動詞',1

'表','名詞',1

'ノート','名詞',1

'保存','名詞',1

'プレビュー','名詞',1

'忘れ','動詞',1

'編','名詞',1

'過去','名詞',1

'版','名詞',1

'歴','名詞',1

'É','名詞',1

'Ó','名詞',1

'À','名詞',1

'È','名詞',1

'Ì','名詞',1

'Ò','名詞',1

'Ù','名詞',1

'é','名詞',1

'ó','名詞',1

'à','名詞',1

'è','名詞',1

'ì','名詞',1

'ò','名詞',1

'ù','名詞',1

'人名','名詞',1

'地名','名詞',1

'外来','名詞',1

'古来','名詞',1

'英語','名詞',1

'通常','名詞',1

'いえる','動詞',1

'読み方','名詞',1

'強調','名詞',1

'アー','名詞',1

'様','名詞',1

'伸ばす','動詞',1

'良く','形容詞',1

'使う','動詞',1

'規則','名詞',1

'以外','名詞',1

'あまり','副詞',1

'使わ','動詞',1

'確定','名詞',1

'電話','名詞',1

'綴り','名詞',1

'伝達','名詞',1

'法','名詞',1

'名','名詞',1

'使い','動詞',1

'アン','名詞',1

'コーナ','名詞',1

'目','名詞',1

'無い','形容詞',1

'名詞','名詞',1

'固有名詞','名詞',1

'順','名詞',1

'並べる','動詞',1

'有無','名詞',1

'順に','副詞',1

'大文字','名詞',1

'文章','名詞',1

'文','名詞',1

'先頭','名詞',1

'代名詞','名詞',1

'敬称','名詞',1

'碑文','名詞',1

'見出し','名詞',1

'本','名詞',1

'題名','名詞',1

'漫画','名詞',1

'ふきだし','動詞',1

'手紙','名詞',1

'落書き','名詞',1

'書か','動詞',1

'最近','名詞',1

'方法','名詞',1

'携帯','名詞',1

'メッセージ','名詞',1

'電子','名詞',1

'メール','名詞',1

'文字数','名詞',1

'少なく','形容詞',1

'用途','名詞',1

'掛け算','名詞',1

'第二人称','名詞',1

'単数','名詞',1

'形','名詞',1

'読ま','動詞',1

'せ','動詞',1

'作成','名詞',1

'置き換える','動詞',1

'世紀','名詞',1

'詩人','名詞',1

'ジャン・ジョルジョ・トリッシーノ','名詞',1

'音素','名詞',1

'より','副詞',1

'完璧','名詞',1

'識別','名詞',1

'正字','名詞',1

'提案','名詞',1

'小文字','名詞',1

'読み','動詞',1

'近い','形容詞',1

'カタカナ','名詞',1

'ア','名詞',1

'アンコーナ','名詞',1

'ビ','名詞',1

'チ','名詞',1

'コモ','名詞',1

'ディ','名詞',1

'ドモドッソラ','名詞',1

'エ','名詞',1

'エン','名詞',1

'ポリ','名詞',1

'ジ','名詞',1

'アッカ','名詞',1

'ホテル','名詞',1

'イ','名詞',1

'イン','名詞',1

'ペリア','名詞',1

'イ・ルンガ','名詞',1

'ジェイ','名詞',1

'ヨータ','名詞',1

'まれ','名詞',1

'ジャージ','名詞',1

'カッパ','名詞',1

'広間','名詞',1

'エッレ','名詞',1

'リヴォルノ','名詞',1

'エンメ','名詞',1

'エンネ','名詞',1

'オ','名詞',1

'オトラント','名詞',1

'ピ','名詞',1

'ク','名詞',1

'クアルト','名詞',1

'エッセ','名詞',1

'サヴォーナ','名詞',1

'ティ','名詞',1

'ターラント','名詞',1

'ウ','名詞',1

'ウーディネ','名詞',1

'ヴ','名詞',1

'ヴィ','名詞',1

'ドッピャ・ヴ','名詞',1

'ヴ・ドッピャ','名詞',1

'ワシントン','名詞',1

'イクス','名詞',1

'白','名詞',1

'ワイン','名詞',1

'一種','名詞',1

'イ・グレーカ','名詞',1

'イ・グレーコ','名詞',1

'イプスィロン','名詞',1

'ヨット','名詞',1

'ゼータ','名詞',1

'ツェータ','名詞',1

'ザーラ','名詞',1

'音節','名詞',1

'以上','名詞',1

'組み合わせ','名詞',1

'一対一','名詞',1

'ローマ字','名詞',1

'倣っ','動詞',1

'以下','名詞',1

'示す','動詞',1

'違う','動詞',1

'ケース','名詞',1

'非常','名詞',1

'表す','動詞',1

'種類','名詞',1

'強','形容詞',1

'勢','名詞',1

'語末','名詞',1

'来','動詞',1

'広狭','名詞',1

'明確','名詞',1

'閉口','名詞',1

'音','名詞',1

'開口','名詞',1

'記述','名詞',1

'かかわら','動詞',1

'必ず','副詞',1

'同様','名詞',1

'違い','名詞',1

'文脈','名詞',1

'区別','名詞',1

'多く','形容詞',1

'対立','名詞',1

'弱い','形容詞',1

'唇音','名詞',1

'唇','名詞',1

'歯音','名詞',1

'歯','名詞',1

'歯茎','名詞',1

'後部','名詞',1

'硬','形容詞',1

'口蓋','名詞',1

'軟口蓋','名詞',1

'閉鎖','名詞',1

'鼻音','名詞',1

'ŋ','名詞',1

'摩擦音','名詞',1

'破','動詞',1

'擦','動詞',1

'ふるえ','動詞',1

'じき','名詞',1

'側','名詞',1

'接近','名詞',1

'チェ','名詞',1

'ケ','名詞',1

'キ','名詞',1

'ヂェ','名詞',1

'ヂ','名詞',1

'長い','形容詞',1

'ゲ','名詞',1

'ギ','名詞',1

'単独','名詞',1

'表し','動詞',1

'さらに','副詞',1

'間','名詞',1

'挟ま','動詞',1

'リェーロ','名詞',1

'ルッリョ','名詞',1

'グリ','名詞',1

'読む','動詞',1

'ンニャ','名詞',1

'事','名詞',1

'常に','副詞',1

'有声音','名詞',1

'無声音','名詞',1

'どちら','名詞',1

'次に','副詞',1

'来る','動詞',1

'有','名詞',1

'声','名詞',1

'語頭','名詞',1

'促音','名詞',1

'決まる','動詞',1

'ピザ','名詞',1

'構わ','動詞',1

'二','名詞',1

'重','名詞',1

'別','名詞',1

'シェ','名詞',1

'シ','名詞',1

'長め','名詞',1

'無声','名詞',1

'接尾','名詞',1

'辞','名詞',1

'派生','名詞',1

'長音','名詞',1

'なり','動詞',1

'やすい','形容詞',1

'それ','名詞',1

'半母音','名詞',1

'拗音','名詞',1

'巻き','動詞',1

'舌','名詞',1

'強く','形容詞',1

'重ねる','動詞',1

'混乱','名詞',1

'わずか','副詞',1

'なく','形容詞',1

'普通','名詞',1

'複数個','名詞',1

'重なる','動詞',1

'代表','名詞',1

'括弧','名詞',1

'選ん','動詞',1

'割愛','名詞',1

'バ','名詞',1

'ベ','名詞',1

'ボ','名詞',1

'ブ','名詞',1

'カ','名詞',1

'コ','名詞',1

'チャ','名詞',1

'チョ','名詞',1

'チュ','名詞',1

'ダ','名詞',1

'ドゥ','名詞',1

'ファ','名詞',1

'フィ','名詞',1

'フォ','名詞',1

'フ','名詞',1

'ガ','名詞',1

'ジェ','名詞',1

'ゴ','名詞',1

'グ','名詞',1

'ジャ','名詞',1

'ジョ','名詞',1

'ジュ','名詞',1

'グラ','名詞',1

'グレ','動詞',1

'グロ','名詞',1

'グル','名詞',1

'リャ','名詞',1

'リェ','名詞',1

'リ','名詞',1

'リョ','名詞',1

'リュ','名詞',1

'ニャ','名詞',1

'ニェ','名詞',1

'ニ','名詞',1

'ニョ','名詞',1

'ニュ','名詞',1

'イア','名詞',1

'ヤ','名詞',1

'イエ','名詞',1

'イェ','名詞',1

'イオ','名詞',1

'ヨ','名詞',1

'イウ','名詞',1

'ユ','名詞',1

'ラ','名詞',1

'レ','名詞',1

'ロ','名詞',1

'ル','名詞',1

'マ','名詞',1

'メ','名詞',1

'ミ','名詞',1

'モ','名詞',1

'ム','名詞',1

'ネ','名詞',1

'ヌ','名詞',1

'パ','名詞',1

'ペ','名詞',1

'ポ','名詞',1

'プ','名詞',1

'クワ','名詞',1

'クウェ','名詞',1

'クウィ','名詞',1

'クウォ','名詞',1

'サ','名詞',1

'ザ','名詞',1

'セ','名詞',1

'ゼ','名詞',1

'スィ','名詞',1

'ズィ','名詞',1

'ソ','名詞',1

'ゾ','名詞',1

'ス','名詞',1

'ズ','名詞',1

'スカ','名詞',1

'スコ','名詞',1

'スク','名詞',1

'シャ','名詞',1

'ショ','名詞',1

'シュ','名詞',1

'タ','名詞',1

'テ','名詞',1

'ト','名詞',1

'トゥ','名詞',1

'ウア','名詞',1

'ウェ','名詞',1

'ウエ','名詞',1

'ウィ','名詞',1

'ウォ','名詞',1

'ウオ','名詞',1

'ヴァ','名詞',1

'ヴェ','名詞',1

'ヴォ','名詞',1

'ツァ','名詞',1

'ヅァ','名詞',1

'ツェ','名詞',1

'ヅェ','名詞',1

'ツィ','名詞',1

'ヅィ','名詞',1

'ツォ','名詞',1

'ヅォ','名詞',1

'ツ','名詞',1

'ヅ','名詞',1

'強弱','名詞',1

'後ろ','名詞',1

'番目','名詞',1

'語尾','名詞',1

'動詞','名詞',1

'変化','名詞',1

'三人称','名詞',1

'複数','名詞',1

'例外','名詞',1

'初め','名詞',1

'つく','動詞',1

'パターン','名詞',1

'弁別','名詞',1

'有る','動詞',1

'開','名詞',1

'ー','名詞',1

'入れる','動詞',1

'カルネヴァーレ','名詞',1

'謝肉祭','名詞',1

'書籍','名詞',1

'日本人','名詞',1

'作家','名詞',1

'名前','名詞',1

'小学校','名詞',1

'習う','動詞',1

'異なっ','動詞',1

'比べ','動詞',1

'特有','名詞',1

'接頭','名詞',1

'破裂','名詞',1

'異なる','動詞',1

'同化','名詞',1

'長子','名詞',1

'短い','形容詞',1

'統語','名詞',1

'一人称','名詞',1

'あげる','動詞',1

'赤','名詞',1

'橙','名詞',1

'黄','名詞',1

'緑','名詞',1

'青','名詞',1

'紫','名詞',1

'黒','名詞',1

'下','名詞',1

'右','名詞',1

'左','名詞',1

'眠る','動詞',1

'話す','動詞',1

'飲む','動詞',1

'歩く','動詞',1

'感じる','動詞',1

'可能','名詞',1

'義務','名詞',1

'ゼロ','名詞',1

'ウーノ','名詞',1

'ドゥーエ','名詞',1

'トゥレ','名詞',1

'クァットロ','名詞',1

'チンクェ','名詞',1

'セイ','名詞',1

'セッテ','名詞',1

'オット','名詞',1

'ノーヴェ','名詞',1

'ディエチ','名詞',1

'ウンディチ','名詞',1

'ドーディチ','名詞',1

'トゥレディチ','名詞',1

'クァットールディチ','名詞',1

'クィンディチ','名詞',1

'セーディチ','名詞',1

'ディチャッセッテ','名詞',1

'ディチョット','名詞',1

'ディチャンノーヴェ','名詞',1

'ヴェンティ','名詞',1

'トゥレンタ','名詞',1

'クァランタ','名詞',1

'チンクァンタ','名詞',1

'セッサンタ','名詞',1

'セッタンタ','名詞',1

'オッタンタ','名詞',1

'ノヴァンタ','名詞',1

'チェント','名詞',1

'ミッレ','名詞',1

'言う','動詞',1

'部族','名詞',1

'その後','名詞',1

'一派','名詞',1

'彼ら','名詞',1

'力','名詞',1

'西欧','名詞',1

'地中海','名詞',1

'沿岸','名詞',1

'広がる','動詞',1

'公式','名詞',1

'民衆','名詞',1

'若干','名詞',1

'差異','名詞',1

'言わ','動詞',1

'招き','動詞',1

'呼べる','動詞',1

'成立','名詞',1

'度合い','名詞',1

'深め','動詞',1

'いつしか','副詞',1

'明らか','名詞',1

'言える','動詞',1

'得','動詞',1

'いつ','名詞',1

'ごろ','名詞',1

'生じ','動詞',1

'正確','名詞',1

'判断','名詞',1

'難しく','形容詞',1

'検証','名詞',1

'当時','名詞',1

'諸国','名詞',1

'文書','名詞',1

'記録','名詞',1

'容易','名詞',1

'少なくとも','副詞',1

'頃','名詞',1

'既に','副詞',1

'近世','名詞',1

'ルネサンス','名詞',1

'しよ','動詞',1

'とりわけ','副詞',1

'主導','名詞',1

'権','名詞',1

'握っ','動詞',1

'出身','名詞',1

'ダンテ・アリギエーリ','名詞',1

'彼','名詞',1

'古典','名詞',1

'書く','動詞',1

'文学','名詞',1

'作品','名詞',1

'執筆','名詞',1

'ダンテ','名詞',1

'賞賛','名詞',1

'中核','名詞',1

'直ちに','副詞',1

'全土','名詞',1

'死後','名詞',1

'しばらく','副詞',1

'死語','名詞',1

'かけ','動詞',1

'バルダッサーレ・カスティリオーネ','名詞',1

'ら','名詞',1

'グループ','名詞',1

'再び','副詞',1

'作り','名詞',1

'呼び掛ける','動詞',1

'際','名詞',1

'事績','名詞',1

'大いに','副詞',1

'たたえ','動詞',1

'求める','動詞',1

'動き','名詞',1

'加熱','名詞',1

'同時に','副詞',1

'脚光','名詞',1

'浴び','動詞',1

'ここ','名詞',1

'達','名詞',1

'論争','名詞',1

'起こる','動詞',1

'カスティリオーネ','名詞',1

'名声','名詞',1

'利用','名詞',1

'おおむね','副詞',1

'今日','名詞',1

'含む','動詞',1

'平等','名詞',1

'配分','名詞',1

'クレオール','名詞',1

'作り出そ','動詞',1

'配慮','名詞',1

'あくまで','副詞',1

'望ん','動詞',1

'目的','名詞',1

'真っ向','名詞',1

'路線','名詞',1

'次第に','副詞',1

'独善','名詞',1

'批判','名詞',1

'旗印','名詞',1

'ベース','名詞',1

'進める','動詞',1

'ピエトロ・ベンボ','名詞',1

'ペトラルカ','名詞',1

'巻き込む','動詞',1

'一大','名詞',1

'発展','名詞',1

'最終','名詞',1

'後者','名詞',1

'勝利','名詞',1

'退け','動詞',1

'作っ','動詞',1

'たち','名詞',1

'手','名詞',1

'変わる','動詞',1

'向上','名詞',1

'期','名詞',1

'リソルジメント','名詞',1

'望む','動詞',1

'原動力','名詞',1

'発揮','名詞',1

'作','名詞',1

'近代','名詞',1

'貢献','名詞',1

'当初','名詞',1

'正式','名詞',1

'貴族','名詞',1

'学者','名詞',1

'上流','名詞',1

'階級','名詞',1

'俗語','名詞',1

'話し','動詞',1

'政府','名詞',1

'意識','名詞',1

'更','名詞',1

'廃止','名詞',1

'浸透','名詞',1

'民族','名詞',1

'思想','名詞',1

'繋がり','動詞',1

'一','名詞',1

'大戦','名詞',1

'響き','名詞',1

'聞こえる','動詞',1

'全て','名詞',1

'土地','名詞',1

'回収','名詞',1

'イリデンティズム','名詞',1

'同一','名詞',1

'達する','動詞',1

'指す','動詞',1

'同義','名詞',1

'度','名詞',1

'参加','名詞',1

'促す','動詞',1

'結果','名詞',1

'生み出し','動詞',1

'しまっ','動詞',1

'カプア','名詞',1

'判決','名詞',1

'証言','名詞',1

'王国','名詞',1

'宮廷','名詞',1

'プロヴァンス','名詞',1

'詩','名詞',1

'真似','動詞',1

'論','名詞',1

'論文','名詞',1

'神','名詞',1

'曲','名詞',1

'ボッカッチョ','名詞',1

'デカ','名詞',1

'メロン','名詞',1

'カンツォニエーレ','名詞',1

'出版','名詞',1

'ニッコロ・マキャヴェッリ','名詞',1

'マキャヴェッリ','名詞',1

'君主','名詞',1

'前半','名詞',1

'文語','名詞',1

'主張','名詞',1

'大公','名詞',1

'設立','名詞',1

'初','名詞',1

'辞典','名詞',1

'元','名詞',1

'ガリ','名詞',1

'レオ','名詞',1

'レイ','名詞',1

'アレッサンドロ・マンゾーニ','名詞',1

'いい','形容詞',1

'づけ','動詞',1

'マンゾーニ','名詞',1

'小説','名詞',1

'旅','名詞',1

'興行','名詞',1

'行わ','動詞',1

'オペラ','名詞',1

'コンメディア・デッラルテ','名詞',1

'借用','名詞',1

'程度','名詞',1

'範囲','名詞',1

'とどまっ','動詞',1

'近年','名詞',1

'形容詞','名詞',1

'最上級','名詞',1

'ッシモ','名詞',1

'住人','名詞',1

'ネーゼ','名詞',1

'シロガネーゼ','名詞',1

'現象','名詞',1

'ドレミ','名詞',1

'演奏','名詞',1

'流行','名詞',1

'伴い','動詞',1

'スパゲッティ','名詞',1

'ティラ・ミ・ス','名詞',1

'自動車','名詞',1

'古く','副詞',1

'建物','名詞',1

'ファッション','名詞',1

'サッカー','名詞',1

'日本','名詞',1

'クラブ','名詞',1

'もじっ','動詞',1

'造語','名詞',1

'転じ','動詞',1

'食べ物','名詞',1

'除く','動詞',1

'カリスマ','名詞',1

'カリズマ','名詞',1

'フレスコ','名詞',1

'つうじ','動詞',1

'略語','名詞',1

'アッフレスコ','名詞',1

'パルコ','名詞',1

'公園','名詞',1

'マドンナ','名詞',1

'聖母','名詞',1

'マリア','名詞',1

'女','名詞',1

'インフルエンザ','名詞',1

'インフルエンツァ','名詞',1

'カジノ','名詞',1

'元々','名詞',1

'小屋','名詞',1

'ゲットー','名詞',1

'ゲット','名詞',1

'ソロ','名詞',1

'活動','名詞',1

'意','名詞',1

'テンポ','名詞',1

'天候','名詞',1

'進み','動詞',1

'方','名詞',1

'くだけ','動詞',1

'挨拶','名詞',1

'出会い','名詞',1

'別れ','名詞',1

'両方','名詞',1

'砕け','動詞',1

'奴隷','名詞',1

'起源','名詞',1

'トトカルチョ','名詞',1

'くじ','名詞',1

'闇','名詞',1

'賭け','名詞',1

'試合','名詞',1

'パパ','名詞',1

'ラッチ','名詞',1

'パパラッツィ','名詞',1

'パパラッツォ','名詞',1

'ビエンナーレ','名詞',1

'展覧','名詞',1

'トリエンナーレ','名詞',1

'ファッショ','名詞',1

'ファシズム','名詞',1

'ブラヴォー','名詞',1

'ブラーヴォ','名詞',1

'かける','動詞',1

'対象','名詞',1

'介し','動詞',1

'輸入','名詞',1

'みなさ','動詞',1

'プリマ・ドンナ','名詞',1

'演劇','名詞',1

'主役','名詞',1

'大統領','名詞',1

'夫人','名詞',1

'マフィア','名詞',1

'マニフェスト','名詞',1

'モットー','名詞',1

'モット','名詞',1

'モンテネグロ','名詞',1

'国名','名詞',1

'徐々に','副詞',1

'風','名詞',1

'傾向','名詞',1

'語源','名詞',1

'カキノキ','名詞',1

'柿','名詞',1

'知ら','動詞',1

'思っ','動詞',1

'着物','名詞',1

'逆','名詞',1

'芸者','名詞',1

'神風','名詞',1

'特別','名詞',1

'攻撃','名詞',1

'隊','名詞',1

'略称','名詞',1

'自爆','名詞',1

'テロ','名詞',1

'限定','名詞',1

'指圧','名詞',1

'畳','名詞',1

'ごま塩','名詞',1

'実施','名詞',1

'回','名詞',1

'実用','名詞',1

'大学','名詞',1

'高等','名詞',1

'入学','名詞',1

'資格','名詞',1

'取得','名詞',1

'目指す','動詞',1

'外国','名詞',1

'外務省','名詞',1

'認定','名詞',1

'良質','名詞',1

'基準','名詞',1

'ペルー','名詞',1

'一つ','名詞',1

'組織','名詞',1

'学習','名詞',1

'委員','名詞',1

'協定','名詞',1

'結び','動詞',1

'下記','名詞',1

'構成','名詞',1

'定める','動詞',1

'適する','動詞',1

'受験','名詞',1

'主催','名詞',1

'問題','名詞',1

'集','名詞',1

'本部','名詞',1

'ホームページ','名詞',1

'閲覧','名詞',1

'読者','名詞',1

'向け','名詞',1

'欄','名詞',1

'操作','名詞',1

'使い方','名詞',1

'ヴィーコ','名詞',1

'新しい','形容詞',1

'学','名詞',1

'中公','名詞',1

'文庫','名詞',1

'最初','名詞',1

'正書法','名詞',1

'価','名詞',1

'保つ','動詞',1

'挿入','名詞',1

'支部','名詞',1

'資料','名詞',1

'ウィクショナリー','名詞',1

'カテゴリ','名詞',1

'索引','名詞',1

'ネイティブ','名詞',1

'スピーカー','名詞',1

'エスノローグ','名詞',1

'オスク・ウンブリア','名詞',1

'群','名詞',1

'オスク・','名詞',1

'サベリア','名詞',1

'リスク','名詞',1

'イタロ・','名詞',1

'ダルマチア','名詞',1

'ユダヤ','名詞',1

'サッサリ・サルデーニャ','名詞',1

'サッサリ','名詞',1

'ガッルーラ・サルデーニャ','名詞',1

'ガッルーラ','名詞',1

'アルピタン','名詞',1

'オイル','名詞',1

'シャンパーニュ','名詞',1

'ルマン','名詞',1

'オルダニー','名詞',1

'ガーンジー','名詞',1

'ジャージー','名詞',1

'サーク','名詞',1

'ピカルディ','名詞',1

'ワロン','名詞',1

'ロレーヌ','名詞',1

'フランシア','名詞',1

'中期','名詞',1

'現代','名詞',1

'レト・ロマンス','名詞',1

'レト','名詞',1

'フリ','名詞',1

'ウリ','名詞',1

'ラディン','名詞',1

'オクシタニー・カタロニア','名詞',1

'オクシタニー・','名詞',1

'カタロニア','名詞',1

'カタルーニャ','名詞',1

'カタルニア','名詞',1

'バレンシア','名詞',1

'オック','名詞',1

'ガスコーニュ','名詞',1

'アラン','名詞',1

'ニサール','名詞',1

'イベロ・ロマンス','名詞',1

'イベロ・','名詞',1

'アラゴン','名詞',1

'モサラベ','名詞',1

'アストゥリアス・レオン','名詞',1

'アストゥリアス','名詞',1

'レオン','名詞',1

'エストレマドゥーラ','名詞',1

'ミランダ','名詞',1

'ガリシア・ポルトガル','名詞',1

'ガリシア・','名詞',1

'ポルトガル','名詞',1

'ガリシア','名詞',1

'イベリア','名詞',1

'ラディーノ','名詞',1

'アンデス','名詞',1

'カリブ','名詞',1

'リオプラテンセ・スペイン','名詞',1

'アルーマニア','名詞',1

'ルーマニア','名詞',1

'モルドバ','名詞',1

'上記','名詞',1

'†','名詞',1

'典拠','名詞',1

'管理','名詞',1

'ウィキデータ','名詞',1

'データ','名詞',1

'隠し','名詞',1

'案内','名詞',1

'メニュー','名詞',1

'個人','名詞',1

'用','名詞',1

'ツール','名詞',1

'アドレス','名詞',1

'ログイン','名詞',1

'なさ','動詞',1

'トーク','名詞',1

'アカウント','名詞',1

'勧め','動詞',1

'必須','名詞',1

'推奨','名詞',1

'空間','名詞',1

'本文','名詞',1

'履歴','名詞',1

'列','名詞',1

'含ま','動詞',1

'探す','動詞',1

'厳密','名詞',1

'一致','名詞',1

'すれ','動詞',1

'メイン','名詞',1

'プロジェクト','名詞',1

'情報','名詞',1

'入手','名詞',1

'コミュニティ・ポータル','名詞',1

'出来事','名詞',1

'背景','名詞',1

'知る','動詞',1

'新規','名詞',1

'ウィキ','名詞',1

'更新','名詞',1

'無作為','名詞',1

'選択','名詞',1

'読み込む','動詞',1

'おまかせ','名詞',1

'練習','名詞',1

'画像','名詞',1

'メディア','名詞',1

'ウィキメディア・コモンズ','名詞',1

'アップ','名詞',1

'ロード','名詞',1

'ヘルプ','名詞',1

'得る','動詞',1

'交換','名詞',1

'井戸端','名詞',1

'お知らせ','名詞',1

'ウィキペディア・ソフトウェア','名詞',1

'バグ','名詞',1

'報告','名詞',1

'ください','動詞',1

'寄付','名詞',1

'ウィキメディア','名詞',1

'財団','名詞',1

'連絡','名詞',1

'先','名詞',1

'問い合わせ','名詞',1

'ウィキページ','名詞',1

'固定','名詞',1

'詳細','名詞',1

'引用','名詞',1

'関連付け','動詞',1

'データリポジトリ','名詞',1

'印刷','名詞',1

'書き出し','名詞',1

'ブック','名詞',1

'形式','名詞',1

'ダウンロード','名詞',1

'バージョン','名詞',1

'コモンズ','名詞',1

'アブ','名詞',1

'ハズ','名詞',1

'Аиталиа','名詞',1

'бызшәа','名詞',1

'А','名詞',1

'сшәа','名詞',1

'秀逸','名詞',1

'アフリカーンス','名詞',1

'アレマン','名詞',1

'アムハラ','名詞',1

'アラム','名詞',1

'モロッコ','名詞',1

'エジプト','名詞',1

'アゼルバイジャン','名詞',1

'バシキール','名詞',1

'Итальян','名詞',1

'теле','名詞',1

'Башҡортса','名詞',1

'バイエルン','名詞',1

'オーストリア','名詞',1

'サモギティア','名詞',1

'ビコール','名詞',1

'ベラルーシ','名詞',1

'Італьянская','名詞',1

'мова','名詞',1

'Беларуская','名詞',1

'タラシケヴィツァ','名詞',1

'тарашкевіца','名詞',1

'ブルガリア','名詞',1

'Италиански','名詞',1

'език','名詞',1

'Български','名詞',1

'ベンガル','名詞',1

'チベット','名詞',1

'ビシュヌプリヤ・マニプリ','名詞',1

'ブル','名詞',1

'トン','名詞',1

'ボスニア','名詞',1

'ブリヤート','名詞',1

'Итали','名詞',1

'хэлэн','名詞',1

'Буряад','名詞',1

'閩東','名詞',1

'チェチェン','名詞',1

'Итальянийн','名詞',1

'мотт','名詞',1

'Нохчийн','名詞',1

'セブアノ','名詞',1

'チェロキー','名詞',1

'クルド','名詞',1

'クリミア・タタール','名詞',1

'チェコ','名詞',1

'カシューブ','名詞',1

'チュヴァシ','名詞',1

'ч','名詞',1

'ĕ','名詞',1

'лхи','名詞',1

'Чӑвашла','名詞',1

'ウェールズ','名詞',1

'デンマーク','名詞',1

'ザザキ','名詞',1

'低地','名詞',1

'ソルブ','名詞',1

'ディベヒ','名詞',1

'Ιταλική','名詞',1

'γλώσσα','名詞',1

'Ελληνικά','名詞',1

'エスペラント','名詞',1

'エストニア','名詞',1

'バスク','名詞',1

'ペルシア','名詞',1

'フィンランド','名詞',1

'ヴォロ','名詞',1

'フェロー','名詞',1

'フリジア','名詞',1

'アイルランド','名詞',1

'贛語','名詞',1

'大利','名詞',1

'スコットランド','名詞',1

'ゲール','名詞',1

'ギラキ','名詞',1

'グアラニー','名詞',1

'ẽ','名詞',1

'マン','名詞',1

'ハウサ','名詞',1

'客','名詞',1

'ハワイ','名詞',1

'ヘブライ','名詞',1

'ヒンディー','名詞',1

'フィジー・ヒンディー','名詞',1

'高地','名詞',1

'ハイチ・クレオール','名詞',1

'ハンガリー','名詞',1

'アルメニア','名詞',1

'インターリングア','名詞',1

'インドネシア','名詞',1

'インター','名詞',1

'リング','名詞',1

'イロカノ','名詞',1

'イングーシ','名詞',1

'Италхой','名詞',1

'ГӀалгӀай','名詞',1

'イド','名詞',1

'アイスランド','名詞',1

'ジャマイカ・クレオール','名詞',1

'ジャワ','名詞',1

'ジョージア','名詞',1

'カラカルパク','名詞',1

'カバルド','名詞',1

'Италэбзэ','名詞',1

'Адыгэбзэ','名詞',1

'カザフ','名詞',1

'Италиян','名詞',1

'тілі','名詞',1

'Қазақша','名詞',1

'クメール','名詞',1

'カンナダ','名詞',1

'韓国','名詞',1

'コミ・ペルミャク','名詞',1

'кыв','名詞',1

'Перем','名詞',1

'коми','名詞',1

'コミ','名詞',1

'Коми','名詞',1

'コーン','名詞',1

'ウォール','名詞',1

'キルギス','名詞',1

'Италян','名詞',1

'тили','名詞',1

'Кыргызча','名詞',1

'ラディノ','名詞',1

'レズギ','名詞',1

'Итал','名詞',1

'ал','名詞',1

'Лезги','名詞',1

'リングア・フランカ・ノバ','名詞',1

'リンブルフ','名詞',1

'ラオ','名詞',1

'リトアニア','名詞',1

'ラトビア','名詞',1

'マイティリー','名詞',1

'モクシャ','名詞',1

'Италиень','名詞',1

'кяль','名詞',1

'Мокшень','名詞',1

'マダガスカル','名詞',1

'東部','名詞',1

'マリ','名詞',1

'йылме','名詞',1

'Олык','名詞',1

'марий','名詞',1

'マケドニア','名詞',1

'Италијански','名詞',1

'јазик','名詞',1

'Македонски','名詞',1

'マラヤーラム','名詞',1

'モンゴル','名詞',1

'хэл','名詞',1

'Монгол','名詞',1

'マニプリ','名詞',1

'マラーティー','名詞',1

'マレー','名詞',1

'ミャンマー','名詞',1

'エルジャ','名詞',1

'Италиянь','名詞',1

'кель','名詞',1

'Эрзянь','名詞',1

'マーザンダラーン','名詞',1

'ナウル','名詞',1

'オランダ','名詞',1

'ザクセン','名詞',1

'ネパール','名詞',1

'ネワール','名詞',1

'ニアス','名詞',1

'ノルウェー','名詞',1

'ニーノシュク','名詞',1

'ブークモール','名詞',1

'ノヴィアル','名詞',1

'ソト','名詞',1

'オセット','名詞',1

'Италиаг','名詞',1

'æ','名詞',1

'взаг','名詞',1

'Ирон','名詞',1

'パンジャブ','名詞',1

'パンパン','名詞',1

'パピアメント','名詞',1

'ノーフォーク','名詞',1

'ピトケアン','名詞',1

'ポーランド','名詞',1

'パシュトゥー','名詞',1

'ケチュア','名詞',1

'ロシア','名詞',1

'Итальянский','名詞',1

'язык','名詞',1

'Русский','名詞',1

'ルシン','名詞',1

'Таліянськый','名詞',1

'Русиньскый','名詞',1

'サンスクリット','名詞',1

'サハ','名詞',1

'Италия','名詞',1

'тыла','名詞',1

'Саха','名詞',1

'サンターリー','名詞',1

'サーミ','名詞',1

'セルボ・クロアチア','名詞',1

'српскохрватски','名詞',1

'タシルハイト','名詞',1

'シンハラ','名詞',1

'シンプル','名詞',1

'スロバキア','名詞',1

'サモア','名詞',1

'イナリ・サーミ','名詞',1

'ショナ','名詞',1

'セルビア','名詞',1

'језик','名詞',1

'Српски','名詞',1

'ザーターフリジア','名詞',1

'スンダ','名詞',1

'スウェーデン','名詞',1

'スワヒリ','名詞',1

'シレジア','名詞',1

'タミル','名詞',1

'テルグ','名詞',1

'タジク','名詞',1

'Забони','名詞',1

'итолиёӣ','名詞',1

'Тоҷикӣ','名詞',1

'タイ','名詞',1

'トルクメン','名詞',1

'タガログ','名詞',1

'トク・ピシン','名詞',1

'トルコ','名詞',1

'タタール','名詞',1

'Татарча','名詞',1

'トウィ','名詞',1

'タヒチ','名詞',1

'ウドムルト','名詞',1

'кыл','名詞',1

'Удмурт','名詞',1

'ウイグル','名詞',1

'ウクライナ','名詞',1

'Італійська','名詞',1

'Українська','名詞',1

'ウルドゥー','名詞',1

'ウズベク','名詞',1

'ўзбекча','名詞',1

'ヴェプス','名詞',1

'ベトナム','名詞',1

'Ý','名詞',1

'フラ','名詞',1

'ヴォラピュク','名詞',1

'ワライ','名詞',1

'呉','名詞',1

'语','名詞',1

'吴语','名詞',1

'メグレル','名詞',1

'イディッシュ','名詞',1

'ヨルバ','名詞',1

'中国語','名詞',1

'漢文','名詞',1

'義','名詞',1

'文言','名詞',1

'閩南','名詞',1

'Í','名詞',1

'広東','名詞',1

'粵語','名詞',1

'ズールー','名詞',1

'日時','名詞',1

'設定','名詞',1

'テキスト','名詞',1

'クリエイティブ・コモンズ','名詞',1

'継承','名詞',1

'ライセンス','名詞',1

'追加','名詞',1

'条件','名詞',1

'適用','名詞',1

'規約','名詞',1

'プライバシー','名詞',1

'ポリシー','名詞',1

'免責','名詞',1

'事項','名詞',1

'モバイルビュー','名詞',1

'開発','名詞',1

'統計','名詞',1

'声明','名詞',1

'\','名詞',1

'個別','名詞',1

'働き','名詞',1

'訳語','名詞',1

'取れ','動詞',1

'原因','名詞',1

'変','名詞',1

'冠詞','名詞',1

'定冠詞','名詞',1

'部分','名詞',1

'人称','名詞',1

'主語','名詞',1

'補語','名詞',1

'直接','名詞',1

'間接','名詞',1

'複合','名詞',1

'再帰','名詞',1

'指示','名詞',1

'不定','名詞',1

'疑問','名詞',1

'感嘆','名詞',1

'時制','名詞',1

'叙法','名詞',1

'説法','名詞',1

'遠','形容詞',1

'立','名詞',1

'大','名詞',1

'接続','名詞',1

'法大','名詞',1

'命令','名詞',1

'詞','名詞',1

'分詞','名詞',1

'ジェルンディオ','名詞',1

'進行','名詞',1

'活用','名詞',1

'単純','名詞',1

'助動詞','名詞',1

'従属','名詞',1

'補助','名詞',1

'基数','名詞',1

'主','名詞',1

'法則','名詞',1

'序','名詞',1

'倍数','名詞',1

'前置詞','名詞',1

'副詞','名詞',1

'接続詞','名詞',1

'間投詞','名詞',1

'男女','名詞',1

'二つ','名詞',1

'し','動詞',1

'もつ','動詞',1

'格','名詞',1

'付く','動詞',1

'つながり','名詞',1

'従う','動詞',1

'性質','名詞',1

'構築','名詞',1

'多く','名詞',1

'終わる','動詞',1

'男性','名詞',1

'収まる','動詞',1

'微妙','名詞',1

'せる','動詞',1

'中性','名詞',1

'実際','副詞',1

'物','名詞',1

'さす','動詞',1

'由来','名詞',1

'語幹','名詞',1

'現れる','動詞',1

'制度','名詞',1

'まま','名詞',1

'引き継ぐ','動詞',1

'オートバイ','名詞',1

'必ずしも','副詞',1

'自然','名詞',1

'界','名詞',1

'植物','名詞',1

'実','名詞',1

'木','名詞',1

'リンゴ','名詞',1

'洋梨','名詞',1

'単','名詞',1

'複','名詞',1

'同形','名詞',1

'概念','名詞',1

'パスタ','名詞',1

'類','名詞',1

'対格','名詞',1

'違い','動詞',1

'主格','名詞',1

'通り','名詞',1

'末','名詞',1

'ニョッキ','名詞',1

'公爵','名詞',1

'茸','名詞',1

'同僚','名詞',1

'息子','名詞',1

'キス','名詞',1

'駐車','名詞',1

'複合語','名詞',1

'単位','名詞',1

'サメ','名詞',1

'王','名詞',1

'動物','名詞',1

'園','名詞',1

'流用','名詞',1

'ビンゴ','名詞',1

'和服','名詞',1

'ニシキヘビ','名詞',1

'不規則','名詞',1

'卵','名詞',1

'始める','動詞',1

'入る','動詞',1

'変っ','動詞',1

'縮小','名詞',1

'つい','動詞',1

'増大','名詞',1

'愛称','名詞',1

'軽蔑','名詞',1

'結合','名詞',1

'付き','動詞',1

'あれ','動詞',1

'置か','動詞',1

'続く','動詞',1

'一体','名詞',1

'直訳','名詞',1

'すべて','名詞',1

'何','名詞',1

'語形','名詞',1

'特定','名詞',1

'数え','動詞',1

'省略','名詞',1

'代わり','名詞',1

'三つ','名詞',1

'指し','動詞',1

'含め','動詞',1

'人々','名詞',1

'話し相手','名詞',1

'含ん','動詞',1

'二人称','名詞',1

'丁寧','名詞',1

'扱い','名詞',1

'私','名詞',1

'あなた','名詞',1

'君','名詞',1

'君たち','名詞',1

'それら','名詞',1

'彼女','名詞',1

'彼女ら','名詞',1

'わかる','動詞',1

'特に','副詞',1

'初対面','名詞',1

'目上','名詞',1

'多用','名詞',1

'学生','名詞',1

'同士','名詞',1

'用いる','動詞',1

'女子','名詞',1

'混じる','動詞',1

'会話','名詞',1

'書き言葉','名詞',1

'限っ','動詞',1

'置き換え','動詞',1

'形態','名詞',1

'非','名詞',1

'誰か','名詞',1

'形状','名詞',1

'親','名詞',1

'称','名詞',1

'彼等','名詞',1

'集団','名詞',1

'誰々','名詞',1

'訳す','動詞',1

'与格','名詞',1

'いい','動詞',1

'自身','名詞',1

'単複','名詞',1

'誰','名詞',1

'四つ','名詞',1

'有り','動詞',1

'先行','名詞',1

'結びつける','動詞',1

'男','名詞',1

'相当','名詞',1

'代用','名詞',1

'居る','動詞',1

'遠く','名詞',1

'作る','動詞',1

'うち','名詞',1

'どの','名詞',1

'重','形容詞',1

'マーリオ','名詞',1

'どっち','名詞',1

'もち','動詞',1

'能動態','名詞',1

'受動態','名詞',1

'不完全','名詞',1

'分ける','動詞',1

'自動詞','名詞',1

'他動詞','名詞',1

'ともなっ','動詞',1

'項','名詞',1

'表さ','動詞',1

'作ら','動詞',1

'なかっ','形容詞',1

'構文','名詞',1

'定法','名詞',1

'事実','名詞',1

'述べる','動詞',1

'さきだて','動詞',1

'事柄','名詞',1

'習慣','名詞',1

'すぐ','副詞',1

'行く','動詞',1

'毎日','名詞',1

'予想','名詞',1

'予定','名詞',1

'僕','名詞',1

'来年','名詞',1

'明日','名詞',1

'雨','名詞',1

'降る','動詞',1

'動作','名詞',1

'完了','名詞',1

'呼ぶ','動詞',1

'ルーカ','名詞',1

'朝','名詞',1

'晩','名詞',1

'勉強','名詞',1

'フランチェスコ','名詞',1

'おじさん','名詞',1

'遠い','形容詞',1

'代り','名詞',1

'末尾','名詞',1

'ところ','名詞',1

'食べ','動詞',1

'死ん','動詞',1

'起き','動詞',1

'以前','名詞',1

'ピノッキオ','名詞',1

'スポンジ','名詞',1

'飲ん','動詞',1

'口','名詞',1

'拭き','動詞',1

'低い','形容詞',1

'文句','名詞',1

'言っ','動詞',1

'考え','名詞',1

'同時','名詞',1

'以後','名詞',1

'希望','名詞',1

'要求','名詞',1

'仮定','名詞',1

'説','名詞',1

'解釈','名詞',1

'となり','名詞',1

'混同','名詞',1

'動','名詞',1

'役割','名詞',1

'主体','名詞',1

'依存','名詞',1

'載っ','動詞',1

'原形','名詞',1

'基本形','名詞',1

'食べる','動詞',1

'好き','名詞',1

'運転','名詞',1

'否定','名詞',1

'煙草','名詞',1

'吸う','動詞',1

'駅','名詞',1

'到着','名詞',1

'とる','動詞',1

'準じ','動詞',1

'明記','名詞',1

'連動','名詞',1

'自体','名詞',1

'テレビ','名詞',1

'朝食','名詞',1

'間違い','動詞',1

'覚える','動詞',1

'たくさん','名詞',1

'働い','動詞',1

'疲れ','動詞',1

'歩い','動詞',1

'仕方','名詞',1

'アーレ','名詞',1

'どうし','名詞',1

'エーレ','名詞',1

'イーレ','名詞',1

'原則','名詞',1

'不変','名詞',1

'後述','名詞',1

'愛する','動詞',1

'使っ','動詞',1

'幹','名詞',1

'注意','名詞',1

'要する','動詞',1

'脱落','名詞',1

'単に','副詞',1

'異なり','動詞',1

'アントニオ','名詞',1

'同上','名詞',1

'質問','名詞',1

'上段','名詞',1

'下段','名詞',1

'つめ','名詞',1

'弱','名詞',1

'新聞','名詞',1

'型','名詞',1

'イスコ','名詞',1

'がた','名詞',1

'最後','名詞',1

'取る','動詞',1

'ほか','名詞',1

'名残','名詞',1

'定形','名詞',1

'共に','副詞',1

'生まれ','動詞',1

'買い','動詞',1

'っ子','名詞',1

'持っ','動詞',1

'なら','動詞',1

'取り','名詞',1

'行か','動詞',1

'行き','動詞',1

'形容','名詞',1

'前後','名詞',1

'つけ','動詞',1

'用法','名詞',1

'位置','名詞',1

'美しい','形容詞',1

'よい','形容詞',1

'大きい','形容詞',1

'神聖','名詞',1

'強める','動詞',1

'絶対','名詞',1

'高い','形容詞',1

'わるい','形容詞',1

'小さい','形容詞',1

'特殊','名詞',1

'比較','名詞',1

'級','名詞',1

'原級','名詞',1

'伴う','動詞',1

'父','名詞',1

'母','名詞',1

'親族','名詞',1

'付か','動詞',1

'量的','名詞',1

'質','名詞',1

'ドル','名詞',1

'払っ','動詞',1

'年代','名詞',1

'トレチェント','名詞',1

'マルサーラ','名詞',1

'上陸','名詞',1

'複雑','名詞',1

'数字','名詞',1

'位','名詞',1

'始まり','動詞',1

'割り切れる','動詞',1

'億','名詞',1

'順番','名詞',1

'°','名詞',1

'訳','名詞',1

'縮','名詞',1

'とき','名詞',1

'除き','動詞',1

'つける','動詞',1

'広い','形容詞',1

'広く','形容詞',1

'早い','形容詞',1

'早く','形容詞',1

'簡単','名詞',1

'軽い','形容詞',1

'軽く','形容詞',1

'悪く','形容詞',1

'等位','名詞',1

'ページ','名詞',1

'從位','名詞',1

'配置','名詞',1

'心','名詞',1

'自由','名詞',1

'分野','名詞',1

'かなり','副詞',1

'大胆','名詞',1

'変更','名詞',1

'品詞','名詞',1

'曖昧','名詞',1

'あえて','副詞',1

'おく','動詞',1

'文頭','名詞',1

'平叙','名詞',1

'終わり','動詞',1

'イントネーション','名詞',1

'上げる','動詞',1

'ええ','形容詞',1

'歳','名詞',1

'きれい','名詞',1

'先立つ','動詞',1

'くれ','動詞',1

'しばしば','副詞',1

'融合','名詞',1

'古い','形容詞',1

'コース','名詞',1

'冊','名詞',1

'合格','名詞',1

'・','名詞',1

'Граматыка','名詞',1

'італьянскай','名詞',1

'мовы','名詞',1

'Италианска','名詞',1

'граматика','名詞',1

'Италијанска','名詞',1

'Морфология','名詞',1

'итальянского','名詞',1

'языка','名詞',1

'Граматика','名詞',1

'италијанског','名詞',1

'језика','名詞',1

'语语','名詞',1

'火','名詞',1

'ご覧','名詞',1

'ほん','動詞',1

'ひょう','名詞',1

'仮名','名詞',1

'転写','名詞',1

'述べ','動詞',1

'解説','名詞',1

'啓蒙','名詞',1

'規範','名詞',1

'通用','名詞',1

'整理','名詞',1

'誤り','名詞',1

'とれ','動詞',1

'にくい','形容詞',1

'いえ','動詞',1

'発生','名詞',1

'定着','名詞',1

'エンジン','名詞',1

'調べ','動詞',1

'困難','名詞',1

'長短','名詞',1

'入れ','動詞',1

'活字','名詞',1

'よく','副詞',1

'一個人','名詞',1

'ナーポリ','名詞',1

'ッ','名詞',1

'付加','名詞',1

'ルーコラ','名詞',1

'ルッコラ','名詞',1

'誤っ','動詞',1

'チェーザレ','名詞',1

'チェザーレ','名詞',1

'キアンティ','名詞',1

'キャンティ','名詞',1

'ほう','名詞',1

'リズム','名詞',1

'ドルチェ','名詞',1

'ガッバーナ','名詞',1

'ガバーナ','名詞',1

'カップッチーノ','名詞',1

'カプチーノ','名詞',1

'アッズッリ','名詞',1

'アズーリ','名詞',1

'行','名詞',1

'続ける','動詞',1

'カルロ・カッラ','名詞',1

'カッラ','名詞',1

'カルラ','名詞',1

'サンドロ・ボッティチェッリ','名詞',1

'ボッティチェッリ','名詞',1

'ボッティチェルリ','名詞',1

'ニア','名詞',1

'揺れる','動詞',1

'ボロンニャ','名詞',1

'ボローニア','名詞',1

'ベローナ','名詞',1

'ベッローナ','名詞',1

'清音','名詞',1

'濁音','名詞',1

'もっ','動詞',1

'修正','名詞',1

'アッシジ','名詞',1

'シシ','名詞',1

'書','名詞',1

'スィエナ','名詞',1

'悲惨','名詞',1

'清濁','名詞',1

'分かり','動詞',1

'分から','動詞',1

'モンツァ','名詞',1

'モンザ','名詞',1

'ベネチア','名詞',1

'フィレンチェ','名詞',1

'ッリ','名詞',1

'プーリャ','名詞',1

'プッリャ','名詞',1

'プーリア','名詞',1

'プッリア','名詞',1

'ッシ','名詞',1

'ャ','名詞',1

'ブレシア','名詞',1

'ブレッシア','名詞',1

'ファショ','名詞',1

'ファッシ','名詞',1

'従わ','動詞',1

'トルッロ','名詞',1

'トルッリ','名詞',1

'トゥルッリ','名詞',1

'しまう','動詞',1

'ラウラ・パウジーニ','名詞',1

'ローラ','名詞',1

'パウジーニ','名詞',1

'アイスティー','名詞',1

'類似','名詞',1

'スパゲッティー','名詞',1

'ズッキーネ','名詞',1

'ズッキーニ','名詞',1

'デュ','名詞',1

'キャ','名詞',1

'採用','名詞',1

'パニーノ','名詞',1

'パニーニ','名詞',1

'ブランド','名詞',1

'商品','名詞',1

'販売','名詞',1

'そぐわない','形容詞',1

'ヴェルサーチェ','名詞',1

'ヴェルサーチ','名詞',1

'サーチ','名詞',1

'デ・チェッコ','名詞',1

'多種','名詞',1

'多様','名詞',1

'郷土','名詞',1

'出','動詞',1

'くる','動詞',1

'城','名詞',1

'山','名詞',1

'戻し','動詞',1

'スフォルツァ','名詞',1

'スフォルツェスコ','名詞',1

'アドリア海','名詞',1

'アドリアティコ','名詞',1

'海','名詞',1

'本来','名詞',1

'カペッリーニ','名詞',1

'カッペリーニ','名詞',1

'スキッラチ','名詞',1

'サルヴァトーレ・スキラッチ','名詞',1

'スキラッチ','名詞',1

'マリオ・チポリーニ','名詞',1

'チポッリーニ','名詞',1

'チッポリーニ','名詞',1

'パドワ','名詞',1

'分離','名詞',1

'かけ離れ','動詞',1

'カリャリ','名詞',1

'カリ','名詞',1

'アリ','名詞',1

'カグリアリ','名詞',1

'マニエッティ・マレリ','名詞',1

'マニェーティ・マレッリ','名詞',1

'マグネッティ・マレッリ','名詞',1

'多言','名詞',1

'ガブリエーレ','名詞',1

'ガブリエル','名詞',1

'ガブリエル・タルキーニ','名詞',1

'マジック','名詞',1

'アルファベート・イタリアーノ','名詞',1

'注記','名詞',1

'番号','名詞',1

'î','名詞',1

'種','名詞',1

'グレイヴ・アクセント','名詞',1

'「`」','名詞',1

'アキュートアクセント','名詞',1

'サーカムフレックス','名詞',1

'めったに','副詞',1

'科学','名詞',1

'導入','名詞',1

'姓','名詞',1

'いくつ','名詞',1

'除い','動詞',1

'削除','名詞',1

'視点','名詞',1

'同等','名詞',1

'スペル','名詞',1

'好ま','動詞',1

'考慮','名詞',1

'異体','名詞',1

'扱っ','動詞',1

'ハード','名詞',1

'タフ','名詞',1

'続け','動詞',1

'シマージス','名詞',1

'相応しい','形容詞',1

'イルンガ','名詞',1

'ドッピアヴ','名詞',1

'入江','名詞',1

'たまよ','名詞',1

'ニュー','名詞',1

'エクスプレス','名詞',1

'付','名詞',1

'白水','名詞',1

'社','名詞',1

'頁','名詞',1

'アキュート・グレイヴ','名詞',1

'«','名詞',1

'ゲル','名詞',1

'アングロ・フリジア','名詞',1

'ケルト','名詞',1

'バルト','名詞',1

'ガリンディア','名詞',1

'スドヴィア','名詞',1

'プロシア','名詞',1

'ラトガリア','名詞',1

'スラヴ','名詞',1

'イラン','名詞',1

'パンジャーブ','名詞',1

'ペルシャ','名詞',1

'ヘレニック','名詞',1

'азбука','名詞',1

'ガガウズ','名詞',1

'алфавит','名詞',1

'Алифбои','名詞',1

'ティグリニア','名詞',1

'字母','名詞',1

'水','名詞',1

'除去','名詞',1

'日本語','名詞',1

'改善','名詞',1

'協力','名詞',1

'まったく','副詞',1

'示さ','動詞',1

'不十分','名詞',1

'内容','名詞',1

'信頼','名詞',1

'源','名詞',1

'載せ','動詞',1

'原文','名詞',1

'誤訳','名詞',1

'判明','名詞',1

'求め','動詞',1

'ニュース','名詞',1

'スカラー','名詞',1

'ジャパン','名詞',1

'地域','名詞',1

'下位','名詞',1

'立場','名詞',1

'呼称','名詞',1

'考える','動詞',1

'勢力','名詞',1

'パダーナ','名詞',1

'同盟','名詞',1

'別称','名詞',1

'集権','名詞',1

'右翼','名詞',1

'左派','名詞',1

'分権','名詞',1

'弾圧','名詞',1

'制定','名詞',1

'割れ','動詞',1

'名称','名詞',1

'位置づけ','名詞',1

'近隣','名詞',1

'元来','名詞',1

'住む','動詞',1

'ガリア・キサルピナ','名詞',1

'入り','動詞',1

'混成','名詞',1

'育ん','動詞',1

'仏','名詞',1

'学術','名詞',1

'暫定','名詞',1

'キサルピナ','名詞',1

'読み','名詞',1

'地','名詞',1

'ポー','名詞',1

'平原','名詞',1

'左翼','名詞',1

'政党','名詞',1

'経済','名詞',1

'不安','名詞',1

'不満','名詞',1

'受け皿','名詞',1

'党勢','名詞',1

'伸ばし','動詞',1

'一環','名詞',1

'前述','名詞',1

'団結','名詞',1

'足並み','名詞',1

'揃っ','動詞',1

'共産','名詞',1

'党員','名詞',1

'経歴','名詞',1

'党首','名詞',1

'ウン','名詞',1

'ベルト','名詞',1

'ボッシ','名詞',1

'党','名詞',1

'各州','名詞',1

'連合体','名詞',1

'起因','名詞',1

'有力','名詞',1

'見解','名詞',1

'構図','名詞',1

'為','名詞',1

'近似','名詞',1

'細分','名詞',1

'理由','名詞',1

'隔て','動詞',1

'現実','名詞',1

'カスティーリャ','名詞',1

'権威','名詞',1

'必然','名詞',1

'別言','名詞',1

'立ち居','名詞',1

'得よ','動詞',1

'まだ','副詞',1

'望ま','動詞',1

'·','名詞',1

'‌','名詞',1

'Галоиталски','名詞',1

'јазици','名詞',1

'Галло','名詞',1

'итальянские','名詞',1

'языки','名詞',1

'Забонҳои','名詞',1

'галлии','名詞',1

'盧','名詞',1

'支','名詞',1

'金','名詞',1

'使える','動詞',1

'選','名詞',1

'お供','名詞',1

'海外','名詞',1

'赴任','名詞',1

'アイサ','名詞',1

'゙','名詞',1

'ックイタリア','名詞',1

'あいさつ','名詞',1

'ピッツァ','名詞',1

'本場','名詞',1

'遺産','名詞',1

'数多く','形容詞',1

'保有','名詞',1

'街','名詞',1

'並み','名詞',1

'外せ','動詞',1

'いたし','動詞',1

'どんどん','副詞',1

'仲良く','副詞',1

'アイザック','名詞',1

'ノーマル','名詞',1

'フロー','名詞',1

'初期','名詞',1

'状態','名詞',1

'消し','動詞',1

'スクロール','名詞',1

'実行','名詞',1

'ラジオ','名詞',1

'講座','名詞',1

'経験','名詞',1

'講師','名詞',1

'在籍','名詞',1

'ドラマ','名詞',1

'雑誌','名詞',1

'制作','名詞',1

'豊富','名詞',1

'受講','名詞',1

'実績','名詞',1

'企業','名詞',1

'官公庁','名詞',1

'法人','名詞',1

'研修','名詞',1

'アクセス','名詞',1

'無料','名詞',1

'請求','名詞',1

'こだわり','名詞',1

'選ぶ','動詞',1

'プラン','名詞',1

'料金','名詞',1

'社員','名詞',1

'問合せ','名詞',1

'インタビュー','名詞',1

'ＭＳ','名詞',1

'ゴシック','名詞',1

'メイリオ','名詞',1

'こんばんは','名詞',1

'ボンジョルノ','名詞',1

'兼ね','動詞',1

'旅先','名詞',1

'印象','名詞',1

'大事','名詞',1

'ぜひ','副詞',1

'ボナセーラ','名詞',1

'日没','名詞',1

'夜','名詞',1

'レストラン','名詞',1

'食事','名詞',1

'こちら','名詞',1

'やあ','名詞',1

'バイバイ','名詞',1

'親しい','形容詞',1

'相手','名詞',1

'便利','名詞',1

'いきなり','副詞',1

'失礼','名詞',1

'友達','名詞',1

'ピアチェーレ','名詞',1

'楽しみ','名詞',1

'喜び','名詞',1

'会い','動詞',1

'うれしい','形容詞',1

'ニュアンス','名詞',1

'一語','名詞',1

'表せる','動詞',1

'返事','名詞',1

'ピアチェーレミーオ','名詞',1

'元気','名詞',1

'コーメ','名詞',1

'スタ','名詞',1

'スタイ','名詞',1

'１つ','名詞',1

'友人','名詞',1

'カジュアル','名詞',1

'シチュエーション','名詞',1

'使い分け','動詞',1

'スト','名詞',1

'ベーネ','名詞',1

'グラッツィエ','名詞',1

'エレイ','名詞',1

'エトゥ','名詞',1

'聞き返せる','動詞',1

'グッド','名詞',1

'覚え','動詞',1

'おい','動詞',1

'損','名詞',1

'本当に','副詞',1

'謝意','名詞',1

'伝え','動詞',1

'ミーレ','名詞',1

'言い','動詞',1

'感じ','名詞',1

'感謝','名詞',1

'い','動詞',1

'笑','名詞',1

'プレーゴ','名詞',1

'場面','名詞',1

'もともと','副詞',1

'どうぞ','副詞',1

'お先に','副詞',1

'時に','副詞',1

'使え','動詞',1

'お構いなく','名詞',1

'アリヴェデールチ','名詞',1

'アリヴェデールラ','名詞',1

'また','副詞',1

'敬語','名詞',1

'アッディーオ','名詞',1

'これから','副詞',1

'会え','動詞',1

'スクージー','名詞',1

'道','名詞',1

'店','名詞',1

'通路','名詞',1

'通し','動詞',1

'ほしい','形容詞',1

'注文','名詞',1

'謝り','動詞',1

'ブオナ','名詞',1

'ジョルナータ','名詞',1

'付け加え','動詞',1

'ワン','名詞',1

'レベルアップ','名詞',1

'一番','名詞',1

'別れ際','名詞',1

'一言','名詞',1

'加え','動詞',1

'番外','名詞',1

'褒め','動詞',1

'上手','名詞',1

'おこ','動詞',1

'褒める','動詞',1

'感情','名詞',1

'豊か','名詞',1

'物事','名詞',1

'たけ','動詞',1

'見習い','動詞',1

'みなさん','名詞',1

'感動','名詞',1

'出し','動詞',1

'美味しい','形容詞',1

'グルメ','名詞',1

'喜ん','動詞',1

'もらえる','動詞',1

'間違い','名詞',1

'ボー','名詞',1

'すっかり','副詞',1

'最高','名詞',1

'ボニッシモ','名詞',1

'フォルティッシモ','名詞',1

'とても','副詞',1

'最大','名詞',1

'要領','名詞',1

'流石','名詞',1

'美食','名詞',1

'まだまだ','副詞',1

'オッティモ','名詞',1

'スクイズィート','名詞',1

'どれ','名詞',1

'美味し','形容詞',1

'上位','名詞',1

'ブラーヴァ','名詞',1

'素晴らしい','形容詞',1

'耳','名詞',1

'賛辞','名詞',1

'コンサート','名詞',1

'終わっ','動詞',1

'もし','副詞',1

'観劇','名詞',1

'機会','名詞',1

'ファンタスティコ','名詞',1

'素敵','名詞',1

'夜景','名詞',1

'舞台','名詞',1

'夢','名詞',1

'含み','動詞',1

'想像','名詞',1

'超える','動詞',1

'絶景','名詞',1

'発し','動詞',1

'いかが','名詞',1

'今回','名詞',1

'フレーズ','名詞',1

'第一声','名詞',1

'話せる','動詞',1

'スムーズ','名詞',1

'いく','動詞',1

'思い','動詞',1

'気持ちよく','形容詞',1

'快適','名詞',1

'滞在','名詞',1

'はて','副詞',1

'ぶ','動詞',1

'エントリー','名詞',1

'マーク','名詞',1

'ツイート','名詞',1

'タグ','名詞',1

'一緒','名詞',1

'パオ','名詞',1

'人気','名詞',1

'ランキング','名詞',1

'マナー','名詞',1

'ソーシャルメディア','名詞',1

'さん','名詞',1

'フォロー','名詞',1

'サイト','名詞',1

'マップ','名詞',1

'気軽','名詞',1

'平日','名詞',1

'〜','名詞',1

'土','名詞',1

'閉じる','動詞',1

'乗換','名詞',1

'ドライブ','名詞',1

'ルート','名詞',1

'ストリートビュー','名詞',1

'サービス','名詞',1

'開い','動詞',1

'現在','名詞',1

'いただけ','動詞',1

'もう一度','副詞',1

'試し','動詞',1

'代理','名詞',1

'デフォルト','名詞',1

'\\','名詞',1

'ã','名詞',1

'¤','名詞',1

'¿','名詞',1

'ª','名詞',1

'¢','名詞',1

'å','名詞',1

'­¦','名詞',1

'ç','名詞',1

'®','名詞',1

'¼','名詞',1

'µ','名詞',1

'¤§','名詞',1

'¯','名詞',1

'¬','名詞',1

'§','名詞',1

'¸','名詞',1

'±','名詞',1

'¦§','名詞',1

'¾','名詞',1

'¥','名詞',1

'©¦','名詞',1

'­','名詞',1

'£','名詞',1

'¡','名詞',1

'»º','名詞',1

'¿µ','名詞',1

'º','名詞',1

'¦','名詞',1

'»','名詞',1

'²¿','名詞',1

'¨®','名詞',1

'½','名詞',1

'¨­','名詞',1

'¹´','名詞',1

'ä','名詞',1

'ºº','名詞',1

'¤¾','名詞',1

'±¥','名詞',1

'¿®','名詞',1

'©','名詞',1

'©¶','名詞',1

'´»','名詞',1

'°±','名詞',1

'²»','名詞',1

'¥¨','名詞',1

'ª²','名詞',1

'º¦','名詞',1

'¯¾','名詞',1

'¶','名詞',1

'ï','名詞',1

'¾¼','名詞',1

'¥­','名詞',1

'©±','名詞',1

'ª­','名詞',1

'¸¸','名詞',1

'¡¨','名詞',1

'±¤','名詞',1

'¥½','名詞',1

'½¿','名詞',1

'§»','名詞',1

'¸¡','名詞',1

'­´','名詞',1

'³»','名詞',1

'­«','名詞',1

'µ±','名詞',1

'»£','名詞',1

'¬§','名詞',1

'¸­','名詞',1

'¬¬','名詞',1

'¿¡','名詞',1

'®£','名詞',1

'¸«','名詞',1

'¨ª','名詞',1

'½¼','名詞',1

'½±','名詞',1

'¸°','名詞',1

'«¸','名詞',1

'¤©','名詞',1

'­£','名詞',1

'´¾','名詞',1

'·±','名詞',1

'·¥','名詞',1

'¦³','名詞',1

'¼·','名詞',1

'º¤','名詞',1

'¢º','名詞',1

'¼­','名詞',1

'¼³','名詞',1

'¼°','名詞',1

'µ¤','名詞',1

'®¶','名詞',1

'¶´','名詞',1

'¼¼','名詞',1

'½¢','名詞',1

'®¹','名詞',1

'½®','名詞',1

'¥³','名詞',1

'§°','名詞',1

'¥¿','名詞',1

'¾´','名詞',1

'¦ª','名詞',1

'¬¡','名詞',1

'´¹','名詞',1

'¤«','名詞',1

'·¨','名詞',1

'¤¨','名詞',1

'¨³','名詞',1

'¦¹','名詞',1

'¾©','名詞',1

'¯º','名詞',1

'â','名詞',1

'ª¬','名詞',1

'µ·','名詞',1

'³ª','名詞',1

'®®','名詞',1

'º§','名詞',1

'­¢','名詞',1

'¶¯','名詞',1

'´¥','名詞',1

'Â','名詞',1

'¿»','名詞',1

'·¦','名詞',1

'¤º','名詞',1

'Ã','名詞',1

'¿½','名詞',1

'»¶','名詞',1

'³¨','名詞',1

'¾¿','名詞',1

'²¬','名詞',1

'¼µ','名詞',1

'£°','名詞',1

'¹¼','名詞',1

'­³','名詞',1

'®¤','名詞',1

'º¬','名詞',1

'²¡','名詞',1

'º«','名詞',1

'³¶','名詞',1

'±±','名詞',1

'¹°','名詞',1

'·´','名詞',1

'®µ','名詞',1

'½¹','名詞',1

'¸®','名詞',1

'¥µ','名詞',1

'»½','名詞',1

'¤ª','名詞',1

'µ¡','名詞',1

'£®','名詞',1

'²©','名詞',1

'¾¤','名詞',1

'¦¬','名詞',1

'¢¨','名詞',1

'³¥','名詞',1

'¾³','名詞',1

'¹¿','名詞',1

'»¥','名詞',1

'¸¯','名詞',1

'·®','名詞',1

'®¡','名詞',1

'µ¶','名詞',1

'候補','名詞',1

'キュー','名詞',1

'広告','名詞',1

'拍手','名詞',1

'送る','動詞',1

'戻る','動詞',1

'キャンセル','名詞',1

'オフライン','名詞',1

'動画','名詞',1

'視聴','名詞',1

'消去','名詞',1

'コメント','名詞',1

'インターネット','名詞',1

'続き','名詞',1

'済','名詞',1

'一時','名詞',1

'頻度','名詞',1

'デバイス','名詞',1

'いれ','動詞',1

'引き続き','副詞',1

'期限切れ','名詞',1

'停止','名詞',1

'品質','名詞',1

'プロフィール','名詞',1

'日付','名詞',1

'入力','名詞',1

'チャンネル','名詞',1

'メンバーシップ','名詞',1

'ガイド','名詞',1

'無効','名詞',1

'購入','名詞',1

'メンバー','名詞',1

'特典','名詞',1

'ウィンドウ','名詞',1

'閉じ','動詞',1

'再生','名詞',1

'リスト','名詞',1

'ライブラリ','名詞',1

'チェック','名詞',1

'ホーム','名詞',1

'メンション','名詞',1

'仕組み','名詞',1

'プレーヤー','名詞',1

'折りたたむ','動詞',1

'展開','名詞',1

'タイトル','名詞',1

'含める','動詞',1

'ミュート','名詞',1

'解除','名詞',1

'件','名詞',1

'よろしい','形容詞',1

'復元','名詞',1

'下端','名詞',1

'達し','動詞',1

'左端','名詞',1

'右端','名詞',1

'上端','名詞',1

'保持','名詞',1

'左右','名詞',1

'矢印','名詞',1

'キー','名詞',1

'押す','動詞',1

'上下','名詞',1

'再開','名詞',1

'試行','名詞',1

'危険','名詞',1

'有害','名詞',1

'行為','名詞',1

'露骨','名詞',1

'差別','名詞',1

'送信','名詞',1

'たび','名詞',1

'寄せ','動詞',1

'いただき','動詞',1

'暴力','名詞',1

'認識','名詞',1

'空き','名詞',1

'容量','名詞',1

'不足','名詞',1

'新着','名詞',1

'登録','名詞',1

'失敗','名詞',1

'エラー','名詞',1

'試し','名詞',1

'戻す','動詞',1

'待機','名詞',1

'初級','名詞',1

'イタリア','名詞',1

'語','名詞',1

'トレーニング','名詞',1

'聞き流し','動詞',1

'まとめ','動詞',1

'流れ','動詞',1

'作業','名詞',1

'最適','名詞',1

'初心者','名詞',1

'厳選','名詞',1

'ゆっくり','副詞',1

'———————————————','名詞',1

'リクエス','名詞',1

'はじめて','副詞',1

'頻出','名詞',1

'リスニング','名詞',1

'学び','動詞',1

'睡眠','名詞',1

'自動','名詞',1

'生成','名詞',1

'イボ','名詞',1

'オディア','名詞',1

'キニアルワンダ','名詞',1

'グジャラート','名詞',1

'コサ','名詞',1

'シンド','形容詞',1

'ニャンジャ','名詞',1

'フィリピノ','名詞',1

'フモン','名詞',1

'マオリ','名詞',1

'簡体','名詞',1

'繁','名詞',1

'———————————————\','名詞',1

'リクエスト','名詞',1

'フォーム','名詞',1

'ケンドラ・ランゲージ・スクール','名詞',1

'済み','名詞',1

'おすすめ','名詞',1

'秒','名詞',1

'⁠','名詞',1

'告','名詞',1

'利','名詞',1

'料','名詞',1

'概要','名詞',1

'プレス','名詞',1

'ルーム','名詞',1

'著作','名詞',1

'クリエイター','名詞',1

'掲載','名詞',1

'セキュリティ','名詞',1

'機能','名詞',1

'みる','動詞',1

'不適切','名詞',1

'コンテンツ','名詞',1

'起こし','動詞',1

'高く','形容詞',1

'取り消し','名詞',1

'低く','形容詞',1

'本物','名詞',1

'開講','名詞',1

'聞き','動詞',1

'中国','名詞',1

'安心','名詞',1

'レベル','名詞',1

'クラス','名詞',1

'いっ','動詞',1

'繰り返し','動詞',1

'週間','名詞',1

'学ん','動詞',1

'パク','名詞',1

'英会話','名詞',1

'観光','名詞',1

'ネイティブキャンプ','名詞',1

'か月','名詞',1

'ミックス','名詞',1

'スピーキング','名詞',1

'—','名詞',1

'エリタリーチャンネル','名詞',1

'訓練','名詞',1

'独','名詞',1

'検','名詞',1

'対策','名詞',1

'重要','名詞',1

'基礎','名詞',1

'攻略','名詞',1

'ちゃん','名詞',1

'ねる','動詞',1

'ドイツ語','名詞',1

'–','名詞',1

'リラックス','名詞',1

'自律','名詞',1

'神経','名詞',1

'整える','動詞',1

'誘う','動詞',1

'癒し','動詞',1

'聴い','動詞',1

'ぐっすり','副詞',1

'熟睡','名詞',1

'心身','名詞',1

'休息','名詞',1

'疲労','名詞',1

'回復','名詞',1

'ストレス','名詞',1

'解消','名詞',1

'寝','動詞',1

'落ち','名詞',1

'中学','名詞',1

'聞き取れる','動詞',1

'対話','名詞',1

'中級','名詞',1

'聞き流す','動詞',1

'定番','名詞',1

'•','名詞',1

'オン','名詞',1

'オフ','名詞',1

'クエリ','名詞',1

'クリア','名詞',1

'アプリ','名詞',1

'キーボード','名詞',1

'ショートカット','名詞',1

'切り替え','名詞',1

'早送り','名詞',1

'フレーム','名詞',1

'カンマ','名詞',1

'期間','名詞',1

'速度','名詞',1

'下げる','動詞',1

'小','名詞',1

'ピリオド','名詞',1

'ポイント','名詞',1

'進む','動詞',1

'チャプター','名詞',1

'シーク','名詞',1

'全般','名詞',1

'画面','名詞',1

'切り替える','動詞',1

'シアター','名詞',1

'モード','名詞',1

'ミニ','名詞',1

'ダイアログ','名詞',1

'字幕','名詞',1

'不透明','名詞',1

'調整','名詞',1

'フォント','名詞',1

'サイズ','名詞',1

'小さく','形容詞',1

'マイナス','名詞',1

'パン','名詞',1

'ズーム','名詞',1

'テンキー','名詞',1

'かっこ','名詞',1

'プラス','名詞',1

'アウト','名詞',1

'スキップ','名詞',1

'聞き取れ','動詞',1

'お話','名詞',1

'デュア','名詞',1

'リパ','名詞',1

'やり直す','動詞',1

'マイク','名詞',1

'タップ','名詞',1

'処理','名詞',1

'承認','名詞',1

'待ち','名詞',1

'許可','名詞',1

'ブラウザ','名詞',1

'なれる','動詞',1

'教材','名詞',1

'リエゾン','名詞',1

'リダクション','名詞',1

'フラッピング','名詞',1

'困っ','動詞',1

'てる','動詞',1

'サプリ','名詞',1

'解決','名詞',1

'　〜','名詞',1

'カンタン','名詞',1

'行う','動詞',1

'東城','名詞',1

'健志','名詞',1

'スタート','名詞',1

'アマゾン','名詞',1

'還元','名詞',1

'急ぎ','名詞',1

'便','名詞',1

'当日','名詞',1

'届け','名詞',1

'配送','名詞',1

'通販','名詞',1

'届け先','名詞',1

'カテゴリー','名詞',1

'オーディオ','名詞',1

'フレッシュ','名詞',1

'ライフ','名詞',1

'ストア','名詞',1

'スキル','名詞',1

'定期','名詞',1

'トク','名詞',1

'デジタル','名詞',1

'ミュージック','名詞',1

'洋書','名詞',1

'ゲーム','名詞',1

'ソフト','名詞',1

'パソコン','名詞',1

'機器','名詞',1

'家電','名詞',1

'カメラ','名詞',1

'文房具','名詞',1

'オフィス','名詞',1

'用品','名詞',1

'キッチン','名詞',1

'ペット','名詞',1

'ドラッグストア','名詞',1

'ビューティー','名詞',1

'食品','名詞',1

'飲料','名詞',1

'酒','名詞',1

'ベビー','名詞',1

'マタニティ','名詞',1

'レディース','名詞',1

'メンズ','名詞',1

'キッズ','名詞',1

'服','名詞',1

'小物','名詞',1

'シューズ','名詞',1

'バッグ','名詞',1

'腕時計','名詞',1

'ジュエリー','名詞',1

'おもちゃ','名詞',1

'ホビー','名詞',1

'楽器','名詞',1

'スポーツ','名詞',1

'アウトドア','名詞',1

'車','名詞',1

'バイク','名詞',1

'工具','名詞',1

'ガーデン','名詞',1

'大型','名詞',1

'クレジットカード','名詞',1

'ギフト','名詞',1

'券','名詞',1

'産業','名詞',1

'アウトレット','名詞',1

'ショッピング','名詞',1

'返品','名詞',1

'カート','名詞',1

'開く','動詞',1

'タイム','名詞',1

'セール','名詞',1

'カスタマーサービス','名詞',1

'プライム','名詞',1

'在庫','名詞',1

'処分','名詞',1

'クーポン','名詞',1

'フード','名詞',1

'パーソナル','名詞',1

'ケア','名詞',1

'売る','動詞',1

'映画','名詞',1

'放題','名詞',1

'ジャンル','名詞',1

'新刊','名詞',1

'コミック・ラノベ・','名詞',1

'新書','名詞',1

'古本','名詞',1

'読み込み','名詞',1

'空','名詞',1

'キーワード','名詞',1

'基づく','動詞',1

'今','名詞',1

'常時','名詞',1

'開催','名詞',1

'キャンペーン','名詞',1

'年鑑','名詞',1

'新品','名詞',1

'発送','名詞',1

'本日','名詞',1

'以内','名詞',1

'残り','名詞',1

'入荷','名詞',1

'持ち','動詞',1

'端末','名詞',1

'数量','名詞',1

'お客様','名詞',1

'全力','名詞',1

'取り組ん','動詞',1

'支払い','名詞',1

'システム','名詞',1

'暗号','名詞',1

'出品','名詞',1

'他者','名詞',1

'出荷','名詞',1

'販売元','名詞',1

'中古','名詞',1

'品','名詞',1

'良い','形容詞',1

'発売','名詞',1

'ブックオフオンライン','名詞',1

'コンディション','名詞',1

'折れ','動詞',1

'破れ','名詞',1

'書込み','名詞',1

'日焼け','名詞',1

'濡れ','名詞',1

'跡','名詞',1

'汚れ','名詞',1

'瑕疵','名詞',1

'いただく','動詞',1

'支障','名詞',1

'帯','名詞',1

'付け','名詞',1

'保証','名詞',1

'絵本','名詞',1

'表紙','名詞',1

'カバー','名詞',1

'シリアル','名詞',1

'プロダクト','名詞',1

'やり直し','動詞',1

'シェア','名詞',1

'ライン','名詞',1

'マーケットプレイス','名詞',1

'ロゴ','名詞',1

'スマート','名詞',1

'フォン','名詞',1

'タブレット','名詞',1

'コンピューター','名詞',1

'スキャン','名詞',1

'裏表','名詞',1

'紙','名詞',1

'サンプル','名詞',1

'聴く','動詞',1

'エディション','名詞',1

'聴き','動詞',1

'いただい','動詞',1

'単行','名詞',1

'著','名詞',1

'星','名詞',1

'価格','名詞',1

'獲得','名詞',1

'コレクター','名詞',1

'強化','名詞',1

'拡張','名詞',1

'入門','名詞',1

'好評','名詞',1

'シリーズ','名詞',1

'待望','名詞',1

'新た','名詞',1

'加わる','動詞',1

'まず','副詞',1

'やすく','形容詞',1

'わかり','動詞',1

'しっかり','副詞',1

'身','名詞',1

'実践','名詞',1

'養える','動詞',1

'特長','名詞',1

'無理','名詞',1

'わかりやすさ','名詞',1

'徹底','名詞',1

'追求','名詞',1

'併記','名詞',1

'文型','名詞',1

'つかみ','動詞',1

'図式','名詞',1

'例文','名詞',1

'あわせ','動詞',1

'深まる','動詞',1

'ユニット','名詞',1

'収録','名詞',1

'固め','動詞',1

'見開き','名詞',1

'レイアウト','名詞',1

'よく','形容詞',1

'長','形容詞',1

'リサーチ','名詞',1

'クリック','名詞',1

'ドラッグ','名詞',1

'回転','名詞',1

'ビデオ','名詞',1

'マウス','名詞',1

'合わせる','動詞',1

'イメージ','名詞',1

'タッチ','名詞',1

'ズームイン','名詞',1

'ドット','名詞',1

'帳','名詞',1

'上級','名詞',1

'総額','名詞',1

'当社','名詞',1

'合計','名詞',1

'最短','名詞',1

'武田','名詞',1

'買っ','動詞',1

'聴ける','動詞',1

'読める','動詞',1

'書ける','動詞',1

'初歩','名詞',1

'アントニオ・マイッツァ','名詞',1

'本気','名詞',1

'本多','名詞',1

'孝昭','名詞',1

'講談社','名詞',1

'現代新書','名詞',1

'史郎','名詞',1

'カラー','名詞',1

'高田','名詞',1

'和広','名詞',1

'知識','名詞',1

'追及','名詞',1

'付属','名詞',1

'説明','名詞',1

'修了','名詞',1

'兼務','名詞',1

'刊行','名詞',1

'で','動詞',1

'売れ筋','名詞',1

'語法','名詞',1

'カスタマーレビュー','名詞',1

'スポンサー','名詞',1

'フィードバック','名詞',1

'復習','名詞',1

'浅見','名詞',1

'子','名詞',1

'緒','名詞',1

'ロイク・ホゲス','名詞',1

'会計','名詞',1

'史','名詞',1

'アメリカ','名詞',1

'物語','名詞',1

'田中','名詞',1

'靖浩','名詞',1

'絵','名詞',1

'なか','名詞',1

'部屋','名詞',1

'めぐる','動詞',1

'海野','名詞',1

'弘','名詞',1

'能力','名詞',1

'河','名詞',1

'仁','名詞',1

'ライティング','名詞',1

'植田','名詞',1

'英文','名詞',1

'精読','名詞',1

'ほんとう','名詞',1

'冨岡','名詞',1

'英','名詞',1

'敬','名詞',1

'丹','名詞',1

'トップ','名詞',1

'レビュー','名詞',1

'グローバル','名詞',1

'％','名詞',1

'付い','動詞',1

'計算','名詞',1

'ごと','名詞',1

'割合','名詞',1

'内訳','名詞',1

'平均','名詞',1

'かや','名詞',1

'ビューアー','名詞',1

'分析','名詞',1

'フィルタ','名詞',1

'後で','副詞',1

'夕焼け','名詞',1

'街道','名詞',1

'懇切','名詞',1

'ルール','名詞',1

'図解','名詞',1

'見直す','動詞',1

'飛ばし','動詞',1

'がち','名詞',1

'箇所','名詞',1

'物足りない','形容詞',1

'思う','動詞',1

'おら','動詞',1

'推察','名詞',1

'イマイチ','名詞',1

'細かく','形容詞',1

'欲張り','動詞',1

'すぎる','動詞',1

'役に立っ','動詞',1

'違反','名詞',1

'やり','動詞',1

'向か','動詞',1

'語学','名詞',1

'教師','名詞',1

'粗末','名詞',1

'感じ','動詞',1

'良し','形容詞',1

'読み上げ','動詞',1

'現時点','名詞',1

'取り組み','動詞',1

'業者','名詞',1

'仕様','名詞',1

'許せ','動詞',1

'ラミー','名詞',1

'少し','副詞',1

'いける','動詞',1

'量','名詞',1

'合っ','動詞',1

'ドリル','名詞',1

'カスタマー','名詞',1

'勝','名詞',1

'ゴーシェル','名詞',1

'ただ','名詞',1

'多','形容詞',1

'姉','名詞',1

'妹','名詞',1

'ペン','名詞',1

'かばん','名詞',1

'いす','名詞',1

'か所','名詞',1

'並べ','動詞',1

'替え','名詞',1

'抜け','動詞',1

'解答','名詞',1

'取り上げ','動詞',1

'太字','名詞',1

'正解','名詞',1

'調子','名詞',1

'そう','名詞',1

'しれ','動詞',1

'正誤','名詞',1

'自習','名詞',1

'講義','名詞',1

'半期','名詞',1

'章','名詞',1

'成り立っ','動詞',1

'面白み','名詞',1

'多々','副詞',1

'曜日','名詞',1

'入れ替え','動詞',1

'記憶','名詞',1

'はず','名詞',1

'適切','名詞',1

'指導','名詞',1

'くれる','動詞',1

'モチベーション','名詞',1

'難しい','形容詞',1

'授業','名詞',1

'サブ','名詞',1

'望ましい','形容詞',1

'アダージョ','名詞',1

'コンパクト','名詞',1

'急い','動詞',1

'少なめ','名詞',1

'詳しい','形容詞',1

'移行','名詞',1

'上達','名詞',1

'指針','名詞',1

'通じ','動詞',1

'円滑','名詞',1

'交流','名詞',1

'促進','名詞',1

'日程','名詞',1

'申し込み','名詞',1

'問','名詞',1

'申込','名詞',1

'システムマイページ','名詞',1

'時期','名詞',1

'ボタン','名詞',1

'団体','名詞',1

'出願','名詞',1

'秋季','名詞',1

'会場','名詞',1

'全国','名詞',1

'通訳','名詞',1

'士','名詞',1

'筆記','名詞',1

'学科','名詞',1

'免除','名詞',1

'スマホ','名詞',1

'ネット','名詞',1

'挑戦','名詞',1

'コンビニ','名詞',1

'ツボ','名詞',1

'コラム','名詞',1

'随筆','名詞',1

'エッセー','名詞',1

'散歩道','名詞',1

'発表','名詞',1

'流れ','名詞',1

'受付','名詞',1

'票','名詞',1

'配布','名詞',1

'聴覚','名詞',1

'障害','名詞',1

'要項','名詞',1

'郵送','名詞',1

'最新','名詞',1

'通知','名詞',1

'証明','名詞',1

'発行','名詞',1

'アンケート','名詞',1

'ラーニングシステム','名詞',1

'模擬','名詞',1

'通信','名詞',1

'コーナー','名詞',1

'談','名詞',1

'役立ち','動詞',1

'会報','名詞',1

'イベント','名詞',1

'イケン','名詞',1

'アリィ','名詞',1

'自己','名詞',1

'シート','名詞',1

'プリント','名詞',1

'監修','名詞',1

'記','名詞',1

'スタンプ','名詞',1

'後援','名詞',1

'不可能','名詞',1

'新型','名詞',1

'コロナ','名詞',1

'感染','名詞',1

'減少','名詞',1

'症','名詞',1

'見通し','名詞',1

'台風','名詞',1

'進路','名詞',1

'限り','名詞',1

'夕刻','名詞',1

'本州','名詞',1

'東方','名詞',1

'海上','名詞',1

'離れ','動詞',1

'模様','名詞',1

'交通','名詞',1

'思わ','動詞',1

'随時','名詞',1

'タイミング','名詞',1

'パワー','名詞',1

'郵便','名詞',1

'叶い','動詞',1

'了承','名詞',1

'札幌','名詞',1

'閉館','名詞',1

'全く','副詞',1

'予断','名詞',1

'許し','動詞',1

'北農','名詞',1

'健保','名詞',1

'皆様','名詞',1

'ガイドライン','名詞',1

'春季','名詞',1

'過ぎる','動詞',1

'押せ','動詞',1

'早め','名詞',1

'マイページ','名詞',1

'従来','名詞',1

'終了','名詞',1

'賛助','名詞',1

'お願い','名詞',1

'存続','名詞',1

'賛同','名詞',1

'いただける','動詞',1

'どうか','副詞',1

'温かい','形容詞',1

'賜り','動詞',1

'致し','動詞',1

'合否','名詞',1

'手順','名詞',1

'見事','名詞',1

'惜しくも','副詞',1

'懲り','動詞',1

'益々','副詞',1

'精進','名詞',1

'なさっ','動詞',1

'昨日','名詞',1

'正午','名詞',1

'音源','名詞',1

'スクリプト','名詞',1

'公開','名詞',1

'マイ','名詞',1

'正否','名詞',1

'見込み','名詞',1

'次第','名詞',1

'いずれ','名詞',1

'年版','名詞',1

'ラーニング','名詞',1

'配信','名詞',1

'認可','名詞',1

'誠に','副詞',1

'気がかり','名詞',1

'なんとか','副詞',1

'無事','名詞',1

'役立て','動詞',1

'旧称','名詞',1

'局','名詞',1

'向け','動詞',1

'特設','名詞',1

'事務','名詞',1

'サイン','名詞',1

'会員','名詞',1

'募集','名詞',1

'営利','名詞',1

'市民','名詞',1

'区','名詞',1

'代々木','名詞',1

'話題','名詞',1

'アラヒア','名詞',1

'イントネシア','名詞',1

'オランタ','名詞',1

'キリシア','名詞',1

'スウェーテン','名詞',1

'スヘイン','名詞',1

'スロハキア','名詞',1

'スロヘニア','名詞',1

'セルヒア','名詞',1

'テン','名詞',1

'トイツ','名詞',1

'トルク','名詞',1

'ハンカリー','名詞',1

'フィンラント','名詞',1

'フルカリア','名詞',1

'ヘトナム','名詞',1

'フライ','名詞',1

'ホーラント','名詞',1

'ホルトカル','名詞',1

'ラトヒア','名詞',1

'トヒック','名詞',1

'トピック','名詞',1

'後方','名詞',1

'前方','名詞',1

'用例','名詞',1

'熟語','名詞',1

'版権','名詞',1

'パスワード','名詞',1

'不正','名詞',1

'アクティベーションメール','名詞',1

'メールアドレス','名詞',1

'経由','名詞',1

'По','名詞',1

'русски','名詞',1

'Українською','名詞',1

'高度','名詞',1

'ユーザー','名詞',1

'クッキー','名詞',1

'賛成','名詞',1

'検索','名詞',1
'する','動詞',1
'際','名詞',1
'現在地','名詞',1
'情報','名詞',1
'管理','名詞',1
'方法','名詞',1
'パソコン','名詞',1
'ヘルプ','名詞',1
'マップ','名詞',1
'アシスタント','名詞',1
'使う','動詞',1
'し','動詞',1
'とき','名詞',1
'役に立つ','動詞',1
'結果','名詞',1
'表示','名詞',1
'ため','名詞',1
'使用','名詞',1
'さ','動詞',1
'れ','動詞',1
'たとえ','副詞',1
'アプリセット','名詞',1
'読み込み','名詞',1
'中','名詞',1
'問題','名詞',1
'発生','名詞',1
'しばらく','副詞',1
'もう一度','副詞',1
'試し','名詞',1
'ください','動詞',1
'サービス','名詞',1
'ページ','名詞',1
'ご覧','名詞',1
'\','名詞',1
'メイン','名詞',1
'メニュー','名詞',1
'戻る','動詞',1
'閉じる','動詞',1
'終了','名詞',1
'知り','動詞',1
'内容','名詞',1
'記入','名詞',1
'クリア','名詞',1
'アプリ','名詞',1
'ログイン','名詞',1
'センター','名詞',1
'コミュニティ','名詞',1
'プライバシー','名詞',1
'ポリシー','名詞',1
'利用','名詞',1
'規約','名詞',1
'フィードバック','名詞',1
'送信','名詞',1
'コンテンツ','名詞',1
'全般','名詞',1
'次','名詞',1
'お知らせ','名詞',1
'新しい','形容詞',1
'ウィンドウ','名詞',1
'開く','動詞',1
'コーヒー','名詞',1
'ショップ','名詞',1
'場合','名詞',1
'自分','名詞',1
'近く','名詞',1
'いる','動詞',1
'想定','名詞',1
'あれ','動詞',1
'場所','名詞',1
'入力','名詞',1
'周辺','名詞',1
'さまざま','名詞',1
'源','名詞',1
'基づい','動詞',1
'い','動詞',1
'これら','名詞',1
'組み合わせ','動詞',1
'推定','名詞',1
'位置','名詞',1
'設定','名詞',1
'更新','名詞',1
'求め','動詞',1
'得','動詞',1
'られ','動詞',1
'望む','動詞',1
'でき','動詞',1
'変更','名詞',1
'前','名詞',1
'仕組み','名詞',1
'時','名詞',1
'検出','名詞',1
'ローカル','名詞',1
'改善','名詞',1
'もの','名詞',1
'付近','名詞',1
'解決','名詞',1
'追加','名詞',1
'渋谷','名詞',1
'デバイス','名詞',1
'こと','名詞',1
'確認','名詞',1
'詳しい','形容詞',1
'手順','名詞',1
'下記','名詞',1
'アカウント','名詞',1
'自宅','名詞',1
'職場','名詞',1
'多い','形容詞',1
'住所','名詞',1
'的確','名詞',1
'られる','動詞',1
'よう','名詞',1
'なり','動詞',1
'ほとんど','副詞',1
'なく','形容詞',1
'ウェブサイト','名詞',1
'どう','副詞',1
'ブラウザ','名詞',1
'許可','名詞',1
'制御','名詞',1
'重要','名詞',1
'システム','名詞',1
'必要','名詞',1
'あり','動詞',1
'開き','動詞',1
'アクセス','名詞',1
'左上','名詞',1
'アドレス','名詞',1
'バー','名詞',1
'ロックアイコン','名詞',1
'保護','名詞',1
'サイト','名詞',1
'クリック','名詞',1
'右','名詞',1
'項目','名詞',1
'ブロック','名詞',1
'選択','名詞',1
'取得','名詞',1
'時間','名詞',1
'かかる','動詞',1
'すばやく','形容詞',1
'前回','名詞',1
'後','名詞',1
'期限切れ','名詞',1
'なる','動詞',1
'保存','名詞',1
'詳しく','形容詞',1
'記事','名詞',1
'可能','名詞',1
'使っ','動詞',1
'ラベル','名詞',1
'付け','動詞',1
'スピーカー','名詞',1
'スマート','名詞',1
'ディスプレイ','名詞',1
'時計','名詞',1
'家','名詞',1
'ロケーション','名詞',1
'履歴','名詞',1
'全体','名詞',1
'過去','名詞',1
'アクティビティ','名詞',1
'インターネット','名詞',1
'接続','名詞',1
'必ず','副詞',1
'権限','名詞',1
'与える','動詞',1
'影響','名詞',1
'詳細','名詞',1
'以下','名詞',1
'下部','名詞',1
'使わ','動詞',1
'スマートフォン','名詞',1
'多く','名詞',1
'正確','名詞',1
'判断','名詞',1
'道案内','名詞',1
'の','名詞',1
'役立ち','動詞',1
'バス停','名詞',1
'オン','名詞',1
'上記','名詞',1
'できる','動詞',1
'指定','名詞',1
'使い','名詞',1
'より','動詞',1
'通常','名詞',1
'個々','名詞',1
'自体','名詞',1
'オフ','名詞',1
'切り替える','動詞',1
'ある','動詞',1
'欄','名詞',1
'基づく','動詞',1
'性','名詞',1
'高い','形容詞',1
'れる','動詞',1
'編集','名詞',1
'削除','名詞',1
'ユーザー','名詞',1
'有効','名詞',1
'いずれ','名詞',1
'最近','名詞',1
'数','名詞',1
'分','名詞',1
'フォン','名詞',1
'地図','名詞',1
'上','名詞',1
'どこ','名詞',1
'一時','名詞',1
'停止','名詞',1
'最後','名詞',1
'アップ','名詞',1
'ロード','名詞',1
'最長','名詞',1
'それ','名詞',1
'タイム','名詞',1
'ライン','名詞',1
'既存','名詞',1
'ウェブ','名詞',1
'内','名詞',1
'時点','名詞',1
'滞在','名詞',1
'おおよそ','副詞',1
'地域','名詞',1
'含ま','動詞',1
'ネイルサロン','名詞',1
'関連','名詞',1
'おすすめ','名詞',1
'提供','名詞',1
'カスタマイズ','名詞',1
'シークレット','名詞',1
'モード','名詞',1
'ブラウジング','名詞',1
'行う','動詞',1
'呼ば','動詞',1
'プロバイダ','名詞',1
'割り当て','動詞',1
'必須','名詞',1
'おおむね','副詞',1
'地理','名詞',1
'含め','動詞',1
'現在','名詞',1
'ない','形容詞',1
'機能','名詞',1
'常に','副詞',1
'元','名詞',1
'初めて','副詞',1
'都市','名詞',1
'異なる','動詞',1
'平方キロメートル','名詞',1
'以上','名詞',1
'広','形容詞',1
'人','名詞',1
'個人','名詞',1
'特定','名詞',1
'部','名詞',1
'以外','名詞',1
'一般','名詞',1
'的','名詞',1
'大幅','名詞',1
'広く','形容詞',1
'説明','名詞',1
'付与','名詞',1
'最適','名詞',1
'通り','名詞',1
'表し','動詞',1
'役に立ち','動詞',1
'点','名詞',1
'聞か','動詞',1
'せ','動詞',1
'その他','名詞',1
'©','名詞',1
'言語','名詞',1
'Ελληνικά','名詞',1
'български','名詞',1
'русский','名詞',1
'српски','名詞',1
'українська','名詞',1
'文','名詞',1
'简体','名詞',1
'繁','名詞',1
'體','名詞',1
'日本語','名詞',1
'ダーク','名詞',1
'\\','名詞',1
'見つかり','動詞',1
'該当','名詞',1
'存在','名詞',1
'なっ','動詞',1
'正しく','形容詞',1
'調べ','名詞',1
'サポート','名詞',1
'こちら','名詞',1
'報告','名詞',1
'提案','名詞',1
'投稿','名詞',1
'遅い','形容詞',1
'簡易','名詞',1
'形式','名詞',1
'標準','名詞',1
'まとめ','名詞',1
'ステップ','名詞',1
'一覧','名詞',1
'ごと','名詞',1
'済み','名詞',1
'増やす','動詞',1
'一部','名詞',1
'動画','名詞',1
'読み込む','動詞',1
'オプション','名詞',1
'何','名詞',1
'探し','動詞',1
'プロフィール','名詞',1
'問い合わせ','名詞',1
'無効','名詞',1
'はじめ','名詞',1
'フォーラム','名詞',1
'値','名詞',1
'サジェスト','名詞',1
'すぐ','副詞',1
'ケース','名詞',1
'処理','名詞',1
'完了','名詞',1
'もっと','副詞',1
'見る','動詞',1
'最終','名詞',1
'貴重','名詞',1
'意見','名詞',1
'いただき','動詞',1
'寄せ','動詞',1
